date,%assignLoss,linkDeathTime,idLink,%loss,linkCharge
20201111223130,0,150,1,15.0,4e-05
20201111223130,0,150,2,15.0,0.00014
20201111223130,0,150,4,15.0,4e-05
20201111223130,0,150,17,15.0,4e-05
20201111223130,0,150,19,15.0,4e-05
20201111223131,0,150,1,6.25,9e-05
20201111223131,0,150,2,6.25,0.00033
20201111223131,0,150,4,6.25,9e-05
20201111223131,0,150,5,26.6667,1e-05
20201111223131,0,150,10,20.13885,6e-05
20201111223131,0,150,17,13.0555666667,0.0001
20201111223131,0,150,19,13.88885,5e-05
20201111223131,0,150,22,20.13885,6e-05
20201111223131,0,150,23,26.6667,1e-05
20201111223132,0,150,1,14.6821166667,0.00036
20201111223132,0,150,2,13.2259666667,0.00149
20201111223132,0,150,3,14.8819875,0.00025
20201111223132,0,150,4,13.4516571429,0.00042
20201111223132,0,150,5,13.5116538462,0.0002
20201111223132,0,150,6,14.803872,0.00042
20201111223132,0,150,7,15.94927,0.00017
20201111223132,0,150,8,13.06355,0.0001
20201111223132,0,150,9,20.00002,6e-05
20201111223132,0,150,10,14.2259333333,0.00029
20201111223132,0,150,12,19.986125,9e-05
20201111223132,0,150,13,17.47225,0.00011
20201111223132,0,150,14,18.2963666667,5e-05
20201111223132,0,150,16,18.8889714286,0.00012
20201111223132,0,150,17,14.2976214286,0.00028
20201111223132,0,150,18,17.4074666667,0.00025
20201111223132,0,150,19,17.5679222222,0.00025
20201111223132,0,150,20,19.3809928571,0.00018
20201111223132,0,150,21,19.63894375,0.00023
20201111223132,0,150,22,15.5666933333,0.0003
20201111223132,0,150,23,14.4962894737,0.00029
20201111223132,0,150,24,17.9291466667,0.00023
20201111223132,0,150,25,14.8078222222,0.00015
20201111223132,0,150,26,16.2302142857,0.00024
20201111223132,75,150,11,100.0,0.00041
20201111223133,0,150,1,2.72222727273,0.00037
20201111223133,0,150,2,4.15945454545,0.00178
20201111223133,0,150,3,4.74386363636,0.00025
20201111223133,0,150,4,1.669975,0.00041
20201111223133,0,150,5,1.48808571429,0.00015
20201111223133,0,150,6,3.53853714286,0.00042
20201111223133,0,150,7,1.1574,0.00013
20201111223133,0,150,8,9.77510666667,0.00021
20201111223133,0,150,9,0.0,5e-05
20201111223133,0,150,10,3.15205263158,0.00031
20201111223133,0,150,12,4.99075,0.00015
20201111223133,0,150,13,3.40909090909,0.00013
20201111223133,0,150,14,9.722275,6e-05
20201111223133,0,150,16,10.0203111111,0.0003
20201111223133,0,150,17,3.04563,0.00038
20201111223133,0,150,18,3.51852222222,0.0002
20201111223133,0,150,19,0.0,0.00021
20201111223133,0,150,20,1.11110666667,0.00015
20201111223133,0,150,21,1.97368421053,0.00021
20201111223133,0,150,22,1.9608,0.00028
20201111223133,0,150,23,0.8772,0.0002
20201111223133,0,150,24,3.966665,0.00024
20201111223133,0,150,25,9.76398421053,0.00027
20201111223133,0,150,26,5.16816190476,0.00024
20201111223133,75,150,11,25.646252551,0.00042
20201111223134,0,150,1,1.26624090909,0.00031
20201111223134,0,150,2,2.777788,0.00168
20201111223134,0,150,3,0.0,0.00026
20201111223134,0,150,4,0.649354545455,0.0003
20201111223134,0,150,5,0.0,0.00013
20201111223134,0,150,6,0.44643125,0.00037
20201111223134,0,150,7,1.78573,0.00011
20201111223134,0,150,8,0.0,0.00018
20201111223134,0,150,9,5.95242857143,9e-05
20201111223134,0,150,10,1.392865,0.00029
20201111223134,0,150,12,2.14286923077,0.00017
20201111223134,0,150,13,0.0,9e-05
20201111223134,0,150,14,0.0,5e-05
20201111223134,0,150,16,2.93273333333,0.00024
20201111223134,0,150,17,0.952386666667,0.00023
20201111223134,0,150,18,1.53062380952,0.00024
20201111223134,0,150,19,2.193,0.00021
20201111223134,0,150,20,3.85803888889,0.00021
20201111223134,0,150,21,2.31483333333,0.0002
20201111223134,0,150,22,1.87971578947,0.0003
20201111223134,0,150,23,0.0,0.0002
20201111223134,0,150,24,0.555555555556,0.00021
20201111223134,0,150,25,0.0,0.00023
20201111223134,0,150,26,0.0,0.00023
20201111223134,75,150,11,3.06124285714,0.0004
20201111223135,0,150,1,0.0,0.00035
20201111223135,0,150,2,0.0,0.00156
20201111223135,0,150,3,0.0,0.00022
20201111223135,0,150,4,1.0973962963,0.00038
20201111223135,0,150,5,0.0,0.00014
20201111223135,0,150,6,0.0,0.00036
20201111223135,0,150,7,0.0,0.00013
20201111223135,0,150,8,0.0,0.00016
20201111223135,0,150,9,0.0,7e-05
20201111223135,0,150,10,0.0,0.00027
20201111223135,0,150,12,0.0,0.00012
20201111223135,0,150,13,0.0,0.0001
20201111223135,0,150,14,0.0,5e-05
20201111223135,0,150,16,0.0,0.00018
20201111223135,0,150,17,1.41093809524,0.00032
20201111223135,0,150,18,0.0,0.00019
20201111223135,0,150,19,0.0,0.00027
20201111223135,0,150,20,1.55945789474,0.00019
20201111223135,0,150,21,0.0,0.00021
20201111223135,0,150,22,0.0,0.00027
20201111223135,0,150,23,0.0,0.0002
20201111223135,0,150,24,0.0,0.0002
20201111223135,0,150,25,0.0,0.00021
20201111223135,0,150,26,0.0,0.0002
20201111223135,75,150,11,0.0,0.00036
20201111223136,0,150,1,0.772947826087,0.00034
20201111223136,0,150,2,1.37778,0.00157
20201111223136,0,150,3,0.0,0.00022
20201111223136,0,150,4,0.0,0.00035
20201111223136,0,150,5,0.0,0.00014
20201111223136,0,150,6,0.0,0.00035
20201111223136,0,150,7,0.0,0.00012
20201111223136,0,150,8,0.0,0.00015
20201111223136,0,150,9,0.0,7e-05
20201111223136,0,150,10,0.846561904762,0.00029
20201111223136,0,150,12,0.0,0.00012
20201111223136,0,150,13,0.0,0.0001
20201111223136,0,150,14,0.0,5e-05
20201111223136,0,150,16,0.833335,0.00021
20201111223136,0,150,17,0.0,0.00029
20201111223136,0,150,18,0.0,0.0002
20201111223136,0,150,19,0.0,0.00022
20201111223136,0,150,20,1.91358333333,0.00018
20201111223136,0,150,21,0.0,0.0002
20201111223136,0,150,22,0.987655555556,0.00025
20201111223136,0,150,23,0.0,0.0002
20201111223136,0,150,24,0.0,0.00019
20201111223136,0,150,25,0.0,0.0002
20201111223136,0,150,26,0.0,0.0002
20201111223136,75,150,11,0.0,0.00036
20201111223137,0,150,1,0.0,0.00033
20201111223137,0,150,2,0.0,0.00157
20201111223137,0,150,3,0.0,0.00022
20201111223137,0,150,4,0.0,0.00035
20201111223137,0,150,5,0.0,0.00014
20201111223137,0,150,6,0.0,0.00035
20201111223137,0,150,7,0.0,0.00012
20201111223137,0,150,8,0.0,0.00015
20201111223137,0,150,9,0.0,7e-05
20201111223137,0,150,10,0.0,0.00027
20201111223137,0,150,12,0.0,0.00013
20201111223137,0,150,13,0.0,0.0001
20201111223137,0,150,14,0.0,5e-05
20201111223137,0,150,16,0.0,0.00018
20201111223137,0,150,17,0.0,0.00029
20201111223137,0,150,18,0.0,0.0002
20201111223137,0,150,19,0.0,0.00023
20201111223137,0,150,20,0.0,0.00018
20201111223137,0,150,21,0.0,0.0002
20201111223137,0,150,22,0.0,0.00026
20201111223137,0,150,23,0.0,0.0002
20201111223137,0,150,24,0.0,0.0002
20201111223137,0,150,25,0.0,0.0002
20201111223137,0,150,26,0.0,0.0002
20201111223137,75,150,11,0.0,0.00036
20201111223138,0,150,1,0.0,0.00034
20201111223138,0,150,2,0.961538461538,0.00162
20201111223138,0,150,3,0.0,0.00022
20201111223138,0,150,4,0.0,0.00035
20201111223138,0,150,5,0.0,0.00014
20201111223138,0,150,6,0.0,0.00034
20201111223138,0,150,7,0.0,0.00011
20201111223138,0,150,8,0.0,0.00015
20201111223138,0,150,9,0.0,7e-05
20201111223138,0,150,10,0.0,0.00029
20201111223138,0,150,12,0.0,0.00015
20201111223138,0,150,13,0.0,0.0001
20201111223138,0,150,14,0.0,5e-05
20201111223138,0,150,16,1.25,0.0002
20201111223138,0,150,17,0.0,0.00029
20201111223138,0,150,18,0.0,0.0002
20201111223138,0,150,19,0.0,0.00024
20201111223138,0,150,20,1.31578947368,0.00019
20201111223138,0,150,21,0.0,0.00019
20201111223138,0,150,22,0.0,0.0003
20201111223138,0,150,23,0.0,0.0002
20201111223138,0,150,24,0.0,0.00021
20201111223138,0,150,25,0.0,0.0002
20201111223138,0,150,26,0.0,0.0002
20201111223138,75,150,11,0.0,0.00036
20201111223139,0,150,1,0.0,0.00029
20201111223139,0,150,2,0.0,0.00143
20201111223139,0,150,3,0.0,0.00022
20201111223139,0,150,4,0.0,0.00031
20201111223139,0,150,5,0.0,0.00014
20201111223139,0,150,6,0.0,0.00036
20201111223139,0,150,7,0.0,0.00013
20201111223139,0,150,8,0.0,0.00015
20201111223139,0,150,9,0.0,7e-05
20201111223139,0,150,10,0.0,0.00027
20201111223139,0,150,12,0.0,0.00013
20201111223139,0,150,13,0.0,0.0001
20201111223139,0,150,14,0.0,5e-05
20201111223139,0,150,16,0.0,0.0002
20201111223139,0,150,17,0.0,0.00025
20201111223139,0,150,18,0.0,0.0002
20201111223139,0,150,19,0.0,0.00019
20201111223139,0,150,20,0.0,0.00018
20201111223139,0,150,21,0.0,0.00021
20201111223139,0,150,22,0.0,0.00026
20201111223139,0,150,23,0.0,0.0002
20201111223139,0,150,24,0.0,0.00021
20201111223139,0,150,25,0.0,0.0002
20201111223139,0,150,26,0.0,0.0002
20201111223139,75,150,11,0.0,0.00036
20201111223140,0,150,1,0.0,0.00034
20201111223140,0,150,2,0.0,0.00161
20201111223140,0,150,3,0.0,0.00022
20201111223140,0,150,4,0.0,0.00036
20201111223140,0,150,5,0.0,0.00014
20201111223140,0,150,6,0.0,0.00035
20201111223140,0,150,7,0.0,0.00013
20201111223140,0,150,8,0.0,0.00015
20201111223140,0,150,9,0.0,7e-05
20201111223140,0,150,10,0.0,0.00027
20201111223140,0,150,12,0.0,0.00012
20201111223140,0,150,13,0.0,0.0001
20201111223140,0,150,14,0.0,5e-05
20201111223140,0,150,16,0.0,0.0002
20201111223140,0,150,17,0.0,0.0003
20201111223140,0,150,18,0.0,0.00021
20201111223140,0,150,19,0.0,0.00026
20201111223140,0,150,20,0.0,0.00018
20201111223140,0,150,21,0.0,0.0002
20201111223140,0,150,22,0.0,0.00025
20201111223140,0,150,23,0.0,0.0002
20201111223140,0,150,24,0.0,0.00018
20201111223140,0,150,25,0.0,0.0002
20201111223140,0,150,26,0.0,0.0002
20201111223140,75,150,11,0.0,0.00036
20201111223141,0,150,1,0.0,0.00034
20201111223141,0,150,2,0.0,0.00157
20201111223141,0,150,3,0.0,0.00022
20201111223141,0,150,4,0.0,0.00036
20201111223141,0,150,5,0.0,0.00014
20201111223141,0,150,6,0.0,0.00035
20201111223141,0,150,7,0.0,0.00011
20201111223141,0,150,8,0.0,0.00015
20201111223141,0,150,9,0.0,7e-05
20201111223141,0,150,10,0.0,0.00028
20201111223141,0,150,12,0.0,0.00012
20201111223141,0,150,13,0.0,0.0001
20201111223141,0,150,14,0.0,5e-05
20201111223141,0,150,16,0.0,0.00019
20201111223141,0,150,17,0.0,0.0003
20201111223141,0,150,18,0.0,0.00019
20201111223141,0,150,19,0.0,0.00023
20201111223141,0,150,20,0.0,0.00017
20201111223141,0,150,21,0.0,0.0002
20201111223141,0,150,22,0.0,0.00026
20201111223141,0,150,23,0.0,0.0002
20201111223141,0,150,24,0.0,0.0002
20201111223141,0,150,25,0.0,0.0002
20201111223141,0,150,26,0.0,0.0002
20201111223141,75,150,11,0.0,0.00036
20201111223142,0,150,1,2.91232325581,0.00437
20201111223142,0,150,2,2.75279090909,0.01795
20201111223142,0,150,3,2.6434,0.0033
20201111223142,0,150,4,2.46294772727,0.00426
20201111223142,0,150,5,2.35751153846,0.00183
20201111223142,0,150,6,2.27135396825,0.00439
20201111223142,0,150,7,2.7063,0.00151
20201111223142,0,150,8,2.13403703704,0.00183
20201111223142,0,150,9,3.38942307692,0.00089
20201111223142,0,150,10,2.90477105263,0.00372
20201111223142,0,150,12,2.97453703704,0.00196
20201111223142,0,150,13,2.82894736842,0.00136
20201111223142,0,150,14,3.41666,0.00075
20201111223142,0,150,16,3.16441351351,0.00269
20201111223142,0,150,17,2.87271875,0.00337
20201111223142,0,150,18,2.73848684211,0.00257
20201111223142,0,150,19,3.30866052632,0.00316
20201111223142,0,150,20,3.08803548387,0.00211
20201111223142,0,150,21,3.28547027027,0.00269
20201111223142,0,150,22,3.14937837838,0.0036
20201111223142,0,150,23,2.62936666667,0.00287
20201111223142,0,150,24,2.9971,0.00272
20201111223142,0,150,25,2.48069189189,0.00258
20201111223142,0,150,26,2.7793025641,0.00286
20201111223142,75,150,11,17.2308102345,0.00469
20201111223143,0,150,1,13.8462,5e-05
20201111223143,0,150,2,6.57613333333,0.00086
20201111223143,0,150,4,2.28753333333,0.00048
20201111223143,0,150,5,2.9411,0.00032
20201111223143,0,150,6,2.58165,0.00096
20201111223143,0,150,7,2.156825,0.00032
20201111223143,0,150,8,2.74505,0.00048
20201111223143,0,150,9,2.9411,0.00016
20201111223143,0,150,10,13.8462,5e-05
20201111223143,0,150,13,2.9411,0.00016
20201111223143,0,150,16,2.9411,0.00016
20201111223143,0,150,17,2.28753333333,0.00048
20201111223143,0,150,18,3.5947,0.00048
20201111223143,0,150,19,2.9411,0.00016
20201111223143,0,150,20,4.16285714286,0.00053
20201111223143,0,150,21,3.4313,0.00032
20201111223143,0,150,22,13.8462,5e-05
20201111223143,0,150,23,2.9411,0.00016
20201111223143,0,150,24,2.156825,0.00032
20201111223143,0,150,25,2.74505,0.00048
20201111223143,0,150,26,2.9411,0.00016
20201111223143,75,150,11,17.3526375,0.0008
20201111223146,0,150,4,25.926,2e-05
20201111223146,0,150,17,25.926,2e-05
20201111223146,0,150,20,25.926,2e-05
20201111223158,0,150,1,0.0,0.00027
20201111223158,0,150,2,0.0,0.00134
20201111223158,0,150,3,0.0,0.0003
20201111223158,0,150,4,0.0,0.00027
20201111223158,0,150,5,0.0,0.00016
20201111223158,0,150,6,0.0,0.00042
20201111223158,0,150,7,0.0,0.00013
20201111223158,0,150,8,0.0,0.00021
20201111223158,0,150,9,0.0,6e-05
20201111223158,0,150,10,0.0,0.00026
20201111223158,0,150,12,0.0,0.00019
20201111223158,0,150,13,0.0,0.00012
20201111223158,0,150,14,0.0,8e-05
20201111223158,0,150,16,0.0,0.00023
20201111223158,0,150,17,0.0,0.00019
20201111223158,0,150,18,0.0,0.0002
20201111223158,0,150,19,0.0,0.00021
20201111223158,0,150,20,0.0,0.00015
20201111223158,0,150,21,0.0,0.00024
20201111223158,0,150,22,0.0,0.00023
20201111223158,0,150,23,0.0,0.00024
20201111223158,0,150,24,0.0,0.00026
20201111223158,0,150,25,0.0,0.00029
20201111223158,0,150,26,0.0,0.0003
20201111223158,75,150,11,0.0,0.00044
20201111223159,0,150,1,0.454545454545,0.00022
20201111223159,0,150,2,0.454545454545,0.0011
20201111223159,0,150,3,0.0,0.00021
20201111223159,0,150,4,0.416666666667,0.00024
20201111223159,0,150,5,0.0,0.00013
20201111223159,0,150,6,0.30303030303,0.00034
20201111223159,0,150,7,0.833333333333,0.00012
20201111223159,0,150,8,0.0,0.00016
20201111223159,0,150,9,0.0,6e-05
20201111223159,0,150,10,0.0,0.0002
20201111223159,0,150,12,0.0,0.00012
20201111223159,0,150,13,0.0,0.0001
20201111223159,0,150,14,0.0,4e-05
20201111223159,0,150,16,0.0,0.00019
20201111223159,0,150,17,0.526315789474,0.00019
20201111223159,0,150,18,0.0,0.00018
20201111223159,0,150,19,0.555555555556,0.00018
20201111223159,0,150,20,0.909090909091,0.00012
20201111223159,0,150,21,0.0,0.00018
20201111223159,0,150,22,0.0,0.00018
20201111223159,0,150,23,0.0,0.00019
20201111223159,0,150,24,0.5,0.0002
20201111223159,0,150,25,0.0,0.0002
20201111223159,0,150,26,0.0,0.00019
20201111223159,75,150,11,2.27272727273,0.00034
20201111223200,0,150,1,1.07639166667,0.00024
20201111223200,0,150,2,1.07639166667,0.0012
20201111223200,0,150,3,0.0,0.00021
20201111223200,0,150,4,0.666672,0.00026
20201111223200,0,150,5,1.19048571429,0.00015
20201111223200,0,150,6,0.735294117647,0.00035
20201111223200,0,150,7,0.0,0.00011
20201111223200,0,150,8,0.0,0.00015
20201111223200,0,150,9,1.19045714286,8e-05
20201111223200,0,150,10,0.634923809524,0.00021
20201111223200,0,150,12,0.0,0.00012
20201111223200,0,150,13,0.0,0.0001
20201111223200,0,150,14,0.0,4e-05
20201111223200,0,150,16,0.0,0.00019
20201111223200,0,150,17,0.0,0.00019
20201111223200,0,150,18,1.25,0.00021
20201111223200,0,150,19,1.04166,0.00021
20201111223200,0,150,20,5.05558,0.00015
20201111223200,0,150,21,0.877194736842,0.0002
20201111223200,0,150,22,0.701757894737,0.00019
20201111223200,0,150,23,0.83334,0.00021
20201111223200,0,150,24,0.0,0.00019
20201111223200,0,150,25,0.0,0.00019
20201111223200,0,150,26,0.0,0.00019
20201111223200,75,150,11,7.35295955882,0.00035
20201111223201,0,150,1,0.0,0.00023
20201111223201,0,150,2,0.78125,0.0012
20201111223201,0,150,3,0.852272727273,0.00022
20201111223201,0,150,4,1.04166666667,0.00024
20201111223201,0,150,5,0.0,0.00012
20201111223201,0,150,6,0.294117647059,0.00034
20201111223201,0,150,7,0.833333333333,0.00012
20201111223201,0,150,8,0.0,0.00014
20201111223201,0,150,9,0.0,8e-05
20201111223201,0,150,10,0.0,0.0002
20201111223201,0,150,12,0.0,0.00013
20201111223201,0,150,13,0.0,0.0001
20201111223201,0,150,14,0.0,5e-05
20201111223201,0,150,16,0.0,0.00019
20201111223201,0,150,17,1.25,0.0002
20201111223201,0,150,18,0.0,0.0002
20201111223201,0,150,19,0.0,0.00021
20201111223201,0,150,20,4.13461538462,0.00013
20201111223201,0,150,21,0.0,0.00017
20201111223201,0,150,22,0.0,0.00019
20201111223201,0,150,23,0.0,0.00018
20201111223201,0,150,24,0.5,0.0002
20201111223201,0,150,25,0.0,0.00019
20201111223201,0,150,26,0.9375,0.0002
20201111223201,75,150,11,2.41935483871,0.00031
20201111223202,0,150,1,0.434782608696,0.00023
20201111223202,0,150,2,0.434782608696,0.00115
20201111223202,0,150,3,0.0,0.00021
20201111223202,0,150,4,0.0,0.00024
20201111223202,0,150,5,0.0,0.00013
20201111223202,0,150,6,0.0,0.00032
20201111223202,0,150,7,0.0,0.00011
20201111223202,0,150,8,0.0,0.00015
20201111223202,0,150,9,0.0,6e-05
20201111223202,0,150,10,0.47619047619,0.00021
20201111223202,0,150,12,0.0,0.00014
20201111223202,0,150,13,0.0,0.0001
20201111223202,0,150,14,0.0,6e-05
20201111223202,0,150,16,0.0,0.00019
20201111223202,0,150,17,0.0,0.00019
20201111223202,0,150,18,0.0,0.00018
20201111223202,0,150,19,0.0,0.00018
20201111223202,0,150,20,0.909090909091,0.00011
20201111223202,0,150,21,0.0,0.00018
20201111223202,0,150,22,0.5,0.00021
20201111223202,0,150,23,0.0,0.00019
20201111223202,0,150,24,0.0,0.00019
20201111223202,0,150,25,0.0,0.00021
20201111223202,0,150,26,0.0,0.00019
20201111223202,75,150,11,0.0,0.00032
20201111223203,0,150,1,0.0,0.00022
20201111223203,0,150,2,0.0,0.0011
20201111223203,0,150,3,0.0,0.00021
20201111223203,0,150,4,0.666668,0.00025
20201111223203,0,150,5,0.0,0.00013
20201111223203,0,150,6,0.0,0.00033
20201111223203,0,150,7,0.0,0.00011
20201111223203,0,150,8,0.0,0.00015
20201111223203,0,150,9,0.0,7e-05
20201111223203,0,150,10,0.0,0.0002
20201111223203,0,150,12,0.0,0.00013
20201111223203,0,150,13,0.0,0.0001
20201111223203,0,150,14,0.0,5e-05
20201111223203,0,150,16,0.0,0.00019
20201111223203,0,150,17,0.833335,0.0002
20201111223203,0,150,18,0.0,0.00019
20201111223203,0,150,19,0.0,0.00019
20201111223203,0,150,20,1.51515454545,0.00011
20201111223203,0,150,21,0.0,0.00018
20201111223203,0,150,22,0.0,0.00019
20201111223203,0,150,23,0.0,0.00019
20201111223203,0,150,24,0.0,0.00019
20201111223203,0,150,25,0.0,0.0002
20201111223203,0,150,26,0.0,0.00019
20201111223203,75,150,11,0.0,0.00032
20201111223204,0,150,1,0.0,0.00022
20201111223204,0,150,2,1.2681173913,0.00115
20201111223204,0,150,3,0.0,0.00021
20201111223204,0,150,4,0.75,0.00026
20201111223204,0,150,5,1.33928571429,0.00015
20201111223204,0,150,6,0.0,0.00034
20201111223204,0,150,7,0.0,0.00011
20201111223204,0,150,8,0.0,0.00016
20201111223204,0,150,9,0.0,7e-05
20201111223204,0,150,10,0.0,0.0002
20201111223204,0,150,12,0.0,0.00012
20201111223204,0,150,13,0.0,0.0001
20201111223204,0,150,14,0.0,4e-05
20201111223204,0,150,16,1.458335,0.0002
20201111223204,0,150,17,0.0,0.00019
20201111223204,0,150,18,0.0,0.00019
20201111223204,0,150,19,0.0,0.00019
20201111223204,0,150,20,3.99305833333,0.00013
20201111223204,0,150,21,0.0,0.00019
20201111223204,0,150,22,0.0,0.00018
20201111223204,0,150,23,0.9375,0.00021
20201111223204,0,150,24,0.0,0.00019
20201111223204,0,150,25,0.0,0.0002
20201111223204,0,150,26,0.0,0.00019
20201111223204,75,150,11,0.0,0.00034
20201111223205,0,150,1,0.579713043478,0.00023
20201111223205,0,150,2,1.33680833333,0.0012
20201111223205,0,150,3,0.852272727273,0.00022
20201111223205,0,150,4,0.0,0.00023
20201111223205,0,150,5,0.0,0.00012
20201111223205,0,150,6,0.0,0.00032
20201111223205,0,150,7,0.0,0.00011
20201111223205,0,150,8,0.0,0.00014
20201111223205,0,150,9,0.0,7e-05
20201111223205,0,150,10,0.634923809524,0.00021
20201111223205,0,150,12,0.0,0.00013
20201111223205,0,150,13,0.0,0.0001
20201111223205,0,150,14,0.0,5e-05
20201111223205,0,150,16,0.0,0.00019
20201111223205,0,150,17,0.0,0.00019
20201111223205,0,150,18,0.0,0.00019
20201111223205,0,150,19,0.0,0.00019
20201111223205,0,150,20,5.05455833333,0.00012
20201111223205,0,150,21,1.58729444444,0.00018
20201111223205,0,150,22,0.66667,0.0002
20201111223205,0,150,23,0.0,0.00018
20201111223205,0,150,24,0.0,0.00019
20201111223205,0,150,25,0.0,0.00019
20201111223205,0,150,26,0.9375,0.0002
20201111223205,75,150,11,6.91241935484,0.00031
20201111223206,0,150,1,0.0,0.00022
20201111223206,0,150,2,0.0,0.0011
20201111223206,0,150,3,0.0,0.00021
20201111223206,0,150,4,0.5,0.00025
20201111223206,0,150,5,0.892857142857,0.00014
20201111223206,0,150,6,0.612741176471,0.00034
20201111223206,0,150,7,0.0,0.00011
20201111223206,0,150,8,0.0,0.00015
20201111223206,0,150,9,0.0,7e-05
20201111223206,0,150,10,0.0,0.0002
20201111223206,0,150,12,0.0,0.00015
20201111223206,0,150,13,0.0,0.0001
20201111223206,0,150,14,0.0,7e-05
20201111223206,0,150,16,0.0,0.00019
20201111223206,0,150,17,0.0,0.00019
20201111223206,0,150,18,1.04166,0.0002
20201111223206,0,150,19,0.0,0.00019
20201111223206,0,150,20,2.77776666667,0.00012
20201111223206,0,150,21,0.0,0.00018
20201111223206,0,150,22,0.0,0.00021
20201111223206,0,150,23,0.625,0.0002
20201111223206,0,150,24,0.0,0.00019
20201111223206,0,150,25,0.0,0.00022
20201111223206,0,150,26,0.0,0.00019
20201111223206,75,150,11,4.73482954545,0.00033
20201111223207,0,150,1,0.434782608696,0.00023
20201111223207,0,150,2,0.434782608696,0.00115
20201111223207,0,150,3,0.0,0.00021
20201111223207,0,150,4,0.0,0.00025
20201111223207,0,150,5,0.0,0.00014
20201111223207,0,150,6,0.0,0.00034
20201111223207,0,150,7,0.0,0.00011
20201111223207,0,150,8,0.0,0.00016
20201111223207,0,150,9,0.0,7e-05
20201111223207,0,150,10,0.47619047619,0.00021
20201111223207,0,150,12,0.0,0.00012
20201111223207,0,150,13,0.0,0.0001
20201111223207,0,150,14,0.0,4e-05
20201111223207,0,150,16,0.0,0.00019
20201111223207,0,150,17,0.0,0.00019
20201111223207,0,150,18,0.0,0.00019
20201111223207,0,150,19,0.0,0.00019
20201111223207,0,150,20,0.833333333333,0.00013
20201111223207,0,150,21,0.0,0.00018
20201111223207,0,150,22,0.526315789474,0.00019
20201111223207,0,150,23,0.0,0.0002
20201111223207,0,150,24,0.0,0.00019
20201111223207,0,150,25,0.0,0.0002
20201111223207,0,150,26,0.0,0.00019
20201111223207,75,150,11,0.0,0.00033
20201111223208,0,150,1,0.0,0.00023
20201111223208,0,150,2,0.69445,0.0012
20201111223208,0,150,3,0.757581818182,0.00022
20201111223208,0,150,4,0.0,0.00026
20201111223208,0,150,5,0.0,0.00015
20201111223208,0,150,6,0.0,0.00033
20201111223208,0,150,7,0.0,0.00011
20201111223208,0,150,8,0.0,0.00015
20201111223208,0,150,9,0.0,7e-05
20201111223208,0,150,10,0.0,0.00021
20201111223208,0,150,12,0.0,0.00012
20201111223208,0,150,13,0.0,0.0001
20201111223208,0,150,14,0.0,4e-05
20201111223208,0,150,16,0.0,0.00019
20201111223208,0,150,17,0.0,0.00019
20201111223208,0,150,18,0.0,0.00019
20201111223208,0,150,19,0.0,0.00019
20201111223208,0,150,20,3.27382142857,0.00014
20201111223208,0,150,21,1.53508947368,0.0002
20201111223208,0,150,22,0.0,0.00019
20201111223208,0,150,23,0.0,0.00021
20201111223208,0,150,24,0.0,0.00019
20201111223208,0,150,25,0.0,0.00019
20201111223208,0,150,26,0.83334,0.0002
20201111223208,75,150,11,6.62878787879,0.00034
20201111223209,0,150,1,0.0,0.00022
20201111223209,0,150,2,0.0,0.0011
20201111223209,0,150,3,0.0,0.00021
20201111223209,0,150,4,0.0,0.00023
20201111223209,0,150,5,0.0,0.00012
20201111223209,0,150,6,0.0,0.00032
20201111223209,0,150,7,0.0,0.00011
20201111223209,0,150,8,0.0,0.00014
20201111223209,0,150,9,0.0,7e-05
20201111223209,0,150,10,0.0,0.0002
20201111223209,0,150,12,0.0,0.00013
20201111223209,0,150,13,0.0,0.0001
20201111223209,0,150,14,0.0,5e-05
20201111223209,0,150,16,0.0,0.00019
20201111223209,0,150,17,0.0,0.00019
20201111223209,0,150,18,0.0,0.00019
20201111223209,0,150,19,0.0,0.00019
20201111223209,0,150,20,0.0,9e-05
20201111223209,0,150,21,0.0,0.00017
20201111223209,0,150,22,0.0,0.00019
20201111223209,0,150,23,0.0,0.00018
20201111223209,0,150,24,0.0,0.00019
20201111223209,0,150,25,0.0,0.00019
20201111223209,0,150,26,0.0,0.00019
20201111223209,75,150,11,0.0,0.0003
20201111223210,0,150,1,0.966182608696,0.00023
20201111223210,0,150,2,0.966182608696,0.00115
20201111223210,0,150,3,0.0,0.00021
20201111223210,0,150,4,1.57966538462,0.00026
20201111223210,0,150,5,0.892857142857,0.00014
20201111223210,0,150,6,0.0,0.00033
20201111223210,0,150,7,0.0,0.00011
20201111223210,0,150,8,0.0,0.00015
20201111223210,0,150,9,0.0,7e-05
20201111223210,0,150,10,0.0,0.0002
20201111223210,0,150,12,0.0,0.00015
20201111223210,0,150,13,0.0,0.0001
20201111223210,0,150,14,0.0,7e-05
20201111223210,0,150,16,0.0,0.00019
20201111223210,0,150,17,1.428565,0.0002
20201111223210,0,150,18,0.0,0.00019
20201111223210,0,150,19,1.11111,0.0002
20201111223210,0,150,20,4.86873076923,0.00013
20201111223210,0,150,21,0.0,0.00018
20201111223210,0,150,22,0.0,0.00021
20201111223210,0,150,23,0.625,0.0002
20201111223210,0,150,24,0.0,0.00019
20201111223210,0,150,25,0.0,0.00022
20201111223210,0,150,26,0.0,0.00019
20201111223210,75,150,11,0.0,0.00032
20201111223211,0,150,1,0.0,0.00023
20201111223211,0,150,2,0.0,0.00115
20201111223211,0,150,3,0.0,0.00021
20201111223211,0,150,4,0.0,0.00025
20201111223211,0,150,5,0.0,0.00013
20201111223211,0,150,6,0.588235294118,0.00035
20201111223211,0,150,7,0.0,0.00011
20201111223211,0,150,8,0.0,0.00016
20201111223211,0,150,9,0.0,7e-05
20201111223211,0,150,10,0.0,0.0002
20201111223211,0,150,12,0.0,0.00012
20201111223211,0,150,13,0.0,0.0001
20201111223211,0,150,14,0.0,4e-05
20201111223211,0,150,16,0.0,0.00019
20201111223211,0,150,17,0.0,0.0002
20201111223211,0,150,18,1.0,0.0002
20201111223211,0,150,19,0.0,0.0002
20201111223211,0,150,20,1.53846153846,0.00014
20201111223211,0,150,21,0.0,0.00018
20201111223211,0,150,22,0.0,0.00018
20201111223211,0,150,23,0.0,0.00019
20201111223211,0,150,24,0.0,0.00019
20201111223211,0,150,25,0.0,0.0002
20201111223211,0,150,26,0.0,0.00019
20201111223211,75,150,11,4.54545454545,0.00034
20201111223212,0,150,1,0.375,0.00446
20201111223212,0,150,2,0.774456521739,0.01815
20201111223212,0,150,3,0.436046511628,0.00421
20201111223212,0,150,4,0.0260416666667,0.00481
20201111223212,0,150,5,0.0,0.00261
20201111223212,0,150,6,0.303171641791,0.00665
20201111223212,0,150,7,0.0,0.0022
20201111223212,0,150,8,0.0,0.003
20201111223212,0,150,9,0.111607142857,0.00139
20201111223212,0,150,10,0.0,0.00402
20201111223212,0,150,12,0.0,0.0026
20201111223212,0,150,13,0.0,0.002
20201111223212,0,150,14,0.0,0.00099
20201111223212,0,150,16,0.0,0.00381
20201111223212,0,150,17,0.0328947368421,0.0038
20201111223212,0,150,18,0.520833333333,0.00385
20201111223212,0,150,19,0.472756410256,0.00387
20201111223212,0,150,20,2.3097826087,0.00214
20201111223212,0,150,21,0.0,0.00361
20201111223212,0,150,22,0.0,0.0038
20201111223212,0,150,23,0.0,0.00381
20201111223212,0,150,24,0.0,0.00381
20201111223212,0,150,25,0.0,0.00399
20201111223212,0,150,26,0.480769230769,0.00381
20201111223212,75,150,11,2.16346153846,0.00647
20201111223213,0,150,2,23.8461666667,0.00038
20201111223213,0,150,3,16.6668,6e-05
20201111223213,0,150,4,11.1110666667,0.00016
20201111223213,0,150,5,13.3332,8e-05
20201111223213,0,150,6,16.25,4e-05
20201111223213,0,150,7,16.25,4e-05
20201111223213,0,150,16,27.43585,3e-05
20201111223213,0,150,17,10.0,8e-05
20201111223213,0,150,20,18.7761111111,0.00039
20201111223213,0,150,21,23.93165,0.0001
20201111223213,0,150,23,13.3332,8e-05
20201111223213,0,150,24,16.25,4e-05
20201111223213,0,150,26,16.6668,6e-05
20201111223213,75,150,11,100.0,0.00014
20201111223214,0,150,1,9.091,7e-05
20201111223214,0,150,2,9.091,0.00028
20201111223214,0,150,10,9.091,7e-05
20201111223214,0,150,20,9.091,7e-05
20201111223214,0,150,22,9.091,7e-05
20201111223228,0,150,1,0.0,0.00017
20201111223228,0,150,2,0.0,0.00065
20201111223228,0,150,3,0.0,0.00012
20201111223228,0,150,4,0.0,0.00014
20201111223228,0,150,5,0.0,0.0001
20201111223228,0,150,6,0.0,0.0002
20201111223228,0,150,7,0.0,8e-05
20201111223228,0,150,8,0.0,6e-05
20201111223228,0,150,9,0.0,6e-05
20201111223228,0,150,10,0.0,0.00017
20201111223228,0,150,12,0.0,0.00011
20201111223228,0,150,13,0.0,8e-05
20201111223228,0,150,14,0.0,3e-05
20201111223228,0,150,16,0.0,0.0002
20201111223228,0,150,17,0.0,0.0001
20201111223228,0,150,18,0.0,0.00016
20201111223228,0,150,19,0.0,0.00024
20201111223228,0,150,20,0.0,7e-05
20201111223228,0,150,21,0.0,0.00016
20201111223228,0,150,22,0.0,0.00016
20201111223228,0,150,23,0.0,0.00016
20201111223228,0,150,24,0.0,0.00014
20201111223228,0,150,25,0.0,9e-05
20201111223228,0,150,26,0.0,8e-05
20201111223228,75,150,11,0.0,0.00016
20201111223229,0,150,1,1.09648947368,0.00024
20201111223229,0,150,2,1.09648947368,0.00115
20201111223229,0,150,3,0.0,0.0003
20201111223229,0,150,4,3.33332,0.0001
20201111223229,0,150,5,0.0,7e-05
20201111223229,0,150,6,1.13635909091,0.00027
20201111223229,0,150,7,1.85184444444,9e-05
20201111223229,0,150,8,0.83333,0.00015
20201111223229,0,150,9,0.0,8e-05
20201111223229,0,150,10,0.462961111111,0.00022
20201111223229,0,150,12,0.0,0.00017
20201111223229,0,150,13,0.0,0.00012
20201111223229,0,150,14,0.0,7e-05
20201111223229,0,150,16,0.0,0.00022
20201111223229,0,150,17,2.77776666667,0.00013
20201111223229,0,150,18,0.0,0.00017
20201111223229,0,150,19,0.694444444444,0.0002
20201111223229,0,150,20,4.16667142857,7e-05
20201111223229,0,150,21,1.11111333333,0.00016
20201111223229,0,150,22,0.490194117647,0.00019
20201111223229,0,150,23,0.0,0.00013
20201111223229,0,150,24,0.980388235294,0.00021
20201111223229,0,150,25,0.555553333333,0.00022
20201111223229,0,150,26,0.0,0.0003
20201111223229,75,150,11,17.3611111111,0.00023
20201111223230,0,150,1,1.17284444444,0.00018
20201111223230,0,150,2,1.24183529412,0.00085
20201111223230,0,150,3,0.0,0.00021
20201111223230,0,150,4,3.44446,0.0001
20201111223230,0,150,5,0.0,6e-05
20201111223230,0,150,6,1.88406956522,0.00023
20201111223230,0,150,7,1.48148888889,9e-05
20201111223230,0,150,8,0.0,9e-05
20201111223230,0,150,9,0.0,7e-05
20201111223230,0,150,10,0.617288888889,0.00018
20201111223230,0,150,12,0.0,0.00013
20201111223230,0,150,13,0.0,0.0001
20201111223230,0,150,14,0.0,5e-05
20201111223230,0,150,16,0.0,0.00018
20201111223230,0,150,17,2.87038333333,0.00012
20201111223230,0,150,18,1.76471764706,0.00017
20201111223230,0,150,19,0.588235294118,0.00017
20201111223230,0,150,20,6.00004,5e-05
20201111223230,0,150,21,0.0,0.00014
20201111223230,0,150,22,0.6536,0.00017
20201111223230,0,150,23,0.0,0.00012
20201111223230,0,150,24,0.784317647059,0.00017
20201111223230,0,150,25,0.0,0.00014
20201111223230,0,150,26,0.0,0.00019
20201111223230,75,150,11,18.0556458333,0.00018
20201111223231,0,150,1,1.15740555556,0.00018
20201111223231,0,150,2,3.28947368421,0.00095
20201111223231,0,150,3,0.0,0.00021
20201111223231,0,150,4,5.70436666667,0.00013
20201111223231,0,150,5,3.67064444444,0.0001
20201111223231,0,150,6,2.3487125,0.00025
20201111223231,0,150,7,0.5952375,9e-05
20201111223231,0,150,8,2.7381,0.00012
20201111223231,0,150,9,0.0,7e-05
20201111223231,0,150,10,0.462961111111,0.00018
20201111223231,0,150,12,0.0,0.00013
20201111223231,0,150,13,0.0,0.0001
20201111223231,0,150,14,0.0,5e-05
20201111223231,0,150,16,2.083335,0.0002
20201111223231,0,150,17,3.21969090909,0.00011
20201111223231,0,150,18,1.171875,0.00016
20201111223231,0,150,19,0.735294117647,0.00017
20201111223231,0,150,20,12.33334,0.0001
20201111223231,0,150,21,2.21354375,0.00016
20201111223231,0,150,22,0.490194117647,0.00017
20201111223231,0,150,23,2.20238666667,0.00016
20201111223231,0,150,24,0.29761875,0.00017
20201111223231,0,150,25,1.93277647059,0.00017
20201111223231,0,150,26,0.0,0.00019
20201111223231,75,150,11,32.7806122449,0.00022
20201111223232,0,150,1,0.588235294118,0.00017
20201111223232,0,150,2,0.625,0.0008
20201111223232,0,150,3,0.0,0.00021
20201111223232,0,150,4,5.64647272727,0.00011
20201111223232,0,150,5,4.1,0.0001
20201111223232,0,150,6,2.00483478261,0.00023
20201111223232,0,150,7,2.11112,0.0001
20201111223232,0,150,8,0.0,9e-05
20201111223232,0,150,9,0.0,7e-05
20201111223232,0,150,10,0.0,0.00017
20201111223232,0,150,12,0.0,0.00012
20201111223232,0,150,13,0.0,0.0001
20201111223232,0,150,14,0.0,4e-05
20201111223232,0,150,16,0.0,0.00018
20201111223232,0,150,17,2.34568888889,9e-05
20201111223232,0,150,18,1.5625,0.00016
20201111223232,0,150,19,0.588235294118,0.00017
20201111223232,0,150,20,2.0,5e-05
20201111223232,0,150,21,1.0,0.00016
20201111223232,0,150,22,0.0,0.00015
20201111223232,0,150,23,2.5625,0.00016
20201111223232,0,150,24,1.17284444444,0.00018
20201111223232,0,150,25,0.0,0.00013
20201111223232,0,150,26,0.0,0.00019
20201111223232,75,150,11,23.2916875,0.0002
20201111223233,0,150,1,0.0,0.00016
20201111223233,0,150,2,1.04166875,0.0008
20201111223233,0,150,3,0.0,0.00021
20201111223233,0,150,4,4.24241818182,0.00011
20201111223233,0,150,5,0.0,9e-05
20201111223233,0,150,6,1.77083333333,0.00024
20201111223233,0,150,7,1.66666,0.0001
20201111223233,0,150,8,0.0,9e-05
20201111223233,0,150,9,0.0,7e-05
20201111223233,0,150,10,0.0,0.00017
20201111223233,0,150,12,0.0,0.00014
20201111223233,0,150,13,0.0,0.0001
20201111223233,0,150,14,0.0,5e-05
20201111223233,0,150,16,0.877194736842,0.00019
20201111223233,0,150,17,4.66666,0.0001
20201111223233,0,150,18,1.51961176471,0.00017
20201111223233,0,150,19,0.0,0.00016
20201111223233,0,150,20,6.54761428571,7e-05
20201111223233,0,150,21,1.96077647059,0.00017
20201111223233,0,150,22,0.0,0.00017
20201111223233,0,150,23,0.0,0.00015
20201111223233,0,150,24,0.980388235294,0.00017
20201111223233,0,150,25,0.0,0.00014
20201111223233,0,150,26,0.0,0.00019
20201111223233,75,150,11,25.8522443182,0.00022
20201111223234,0,150,1,1.90475555556,0.00018
20201111223234,0,150,2,3.06215555556,0.0009
20201111223234,0,150,3,0.946963636364,0.00022
20201111223234,0,150,4,4.19754444444,9e-05
20201111223234,0,150,5,1.36055714286,7e-05
20201111223234,0,150,6,1.54402272727,0.00022
20201111223234,0,150,7,0.0,7e-05
20201111223234,0,150,8,2.83070833333,0.00012
20201111223234,0,150,9,0.0,7e-05
20201111223234,0,150,10,0.952377777778,0.00018
20201111223234,0,150,12,0.0,0.00013
20201111223234,0,150,13,0.0,0.0001
20201111223234,0,150,14,0.0,6e-05
20201111223234,0,150,16,0.0,0.00018
20201111223234,0,150,17,2.8254,0.0001
20201111223234,0,150,18,0.0,0.00015
20201111223234,0,150,19,1.0084,0.00017
20201111223234,0,150,20,8.55156666667,6e-05
20201111223234,0,150,21,0.0,0.00014
20201111223234,0,150,22,1.0084,0.00017
20201111223234,0,150,23,0.732607692308,0.00013
20201111223234,0,150,24,0.0,0.00016
20201111223234,0,150,25,1.99814705882,0.00018
20201111223234,0,150,26,1.04166,0.0002
20201111223234,75,150,11,14.9860693277,0.00017
20201111223235,0,150,1,2.60416,0.0002
20201111223235,0,150,2,3.85416,0.001
20201111223235,0,150,3,0.0,0.00021
20201111223235,0,150,4,2.5,9e-05
20201111223235,0,150,5,1.25,8e-05
20201111223235,0,150,6,2.14285454545,0.00022
20201111223235,0,150,7,1.25,8e-05
20201111223235,0,150,8,1.55843636364,0.00011
20201111223235,0,150,9,0.0,7e-05
20201111223235,0,150,10,0.694444444444,0.00018
20201111223235,0,150,12,0.0,0.00013
20201111223235,0,150,13,0.0,0.0001
20201111223235,0,150,14,0.0,5e-05
20201111223235,0,150,16,1.31578947368,0.00019
20201111223235,0,150,17,1.38888888889,9e-05
20201111223235,0,150,18,1.33333333333,0.00015
20201111223235,0,150,19,2.08332631579,0.00019
20201111223235,0,150,20,13.39483,0.0001
20201111223235,0,150,21,2.01389375,0.00016
20201111223235,0,150,22,0.735294117647,0.00017
20201111223235,0,150,23,0.714285714286,0.00014
20201111223235,0,150,24,0.625,0.00016
20201111223235,0,150,25,1.071425,0.00016
20201111223235,0,150,26,0.0,0.00019
20201111223235,75,150,11,31.3283421053,0.00019
20201111223236,0,150,1,0.0,0.00017
20201111223236,0,150,2,2.16050555556,0.0009
20201111223236,0,150,3,0.757581818182,0.00022
20201111223236,0,150,4,0.0,6e-05
20201111223236,0,150,5,0.0,7e-05
20201111223236,0,150,6,0.0,0.00019
20201111223236,0,150,7,0.0,7e-05
20201111223236,0,150,8,0.0,0.0001
20201111223236,0,150,9,0.0,7e-05
20201111223236,0,150,10,0.0,0.00017
20201111223236,0,150,12,0.0,0.00012
20201111223236,0,150,13,0.0,0.0001
20201111223236,0,150,14,0.0,4e-05
20201111223236,0,150,16,1.16959473684,0.00019
20201111223236,0,150,17,0.0,7e-05
20201111223236,0,150,18,0.0,0.00014
20201111223236,0,150,19,0.0,0.00017
20201111223236,0,150,20,6.48151666667,6e-05
20201111223236,0,150,21,0.0,0.00014
20201111223236,0,150,22,0.0,0.00015
20201111223236,0,150,23,0.0,0.00013
20201111223236,0,150,24,0.0,0.00015
20201111223236,0,150,25,0.0,0.00014
20201111223236,0,150,26,0.83334,0.0002
20201111223236,75,150,11,0.0,0.00014
20201111223237,0,150,1,2.31578947368,0.00019
20201111223237,0,150,2,2.44444444444,0.0009
20201111223237,0,150,3,0.0,0.00021
20201111223237,0,150,4,5.1926,0.0001
20201111223237,0,150,5,0.0,7e-05
20201111223237,0,150,6,1.74663636364,0.00022
20201111223237,0,150,7,0.0,7e-05
20201111223237,0,150,8,2.1605,0.00012
20201111223237,0,150,9,0.0,7e-05
20201111223237,0,150,10,1.0,0.00018
20201111223237,0,150,12,0.0,0.00014
20201111223237,0,150,13,0.0,0.0001
20201111223237,0,150,14,0.0,5e-05
20201111223237,0,150,16,0.0,0.00018
20201111223237,0,150,17,4.72054545455,0.00011
20201111223237,0,150,18,0.833333333333,0.00015
20201111223237,0,150,19,1.44444444444,0.00018
20201111223237,0,150,20,10.0216166667,6e-05
20201111223237,0,150,21,1.97531333333,0.00015
20201111223237,0,150,22,1.05882352941,0.00018
20201111223237,0,150,23,0.0,0.00013
20201111223237,0,150,24,0.0,0.00014
20201111223237,0,150,25,1.620375,0.00017
20201111223237,0,150,26,0.0,0.00019
20201111223237,75,150,11,28.3565277778,0.00018
20201111223238,0,150,1,0.833333333333,0.00018
20201111223238,0,150,2,2.06790555556,0.0009
20201111223238,0,150,3,0.0,0.00021
20201111223238,0,150,4,3.5432,9e-05
20201111223238,0,150,5,3.5432,9e-05
20201111223238,0,150,6,1.91919090909,0.00022
20201111223238,0,150,7,0.0,7e-05
20201111223238,0,150,8,2.36111666667,0.00012
20201111223238,0,150,9,0.0,7e-05
20201111223238,0,150,10,0.833333333333,0.00018
20201111223238,0,150,12,0.0,0.00013
20201111223238,0,150,13,0.0,0.0001
20201111223238,0,150,14,0.0,6e-05
20201111223238,0,150,16,1.16959473684,0.00019
20201111223238,0,150,17,0.0,8e-05
20201111223238,0,150,18,0.92592,0.00015
20201111223238,0,150,19,0.0,0.00017
20201111223238,0,150,20,9.3651,7e-05
20201111223238,0,150,21,1.2,0.00015
20201111223238,0,150,22,0.882352941176,0.00017
20201111223238,0,150,23,2.12592,0.00015
20201111223238,0,150,24,0.0,0.00016
20201111223238,0,150,25,1.66667058824,0.00018
20201111223238,0,150,26,0.0,0.00019
20201111223238,75,150,11,25.0925972222,0.00018
20201111223239,0,150,1,1.65692631579,0.00019
20201111223239,0,150,2,1.74897777778,0.0009
20201111223239,0,150,3,0.0,0.00021
20201111223239,0,150,4,4.37036,0.0001
20201111223239,0,150,5,3.20986666667,9e-05
20201111223239,0,150,6,0.730989473684,0.00019
20201111223239,0,150,7,0.0,7e-05
20201111223239,0,150,8,0.0,9e-05
20201111223239,0,150,9,0.0,7e-05
20201111223239,0,150,10,0.823044444444,0.00018
20201111223239,0,150,12,0.0,0.00013
20201111223239,0,150,13,0.0,0.0001
20201111223239,0,150,14,0.0,5e-05
20201111223239,0,150,16,0.0,0.00018
20201111223239,0,150,17,1.64608888889,9e-05
20201111223239,0,150,18,0.92592,0.00015
20201111223239,0,150,19,0.925933333333,0.00018
20201111223239,0,150,20,6.6667,5e-05
20201111223239,0,150,21,1.86274705882,0.00017
20201111223239,0,150,22,0.871458823529,0.00017
20201111223239,0,150,23,1.92592,0.00015
20201111223239,0,150,24,0.0,0.00015
20201111223239,0,150,25,0.0,0.00014
20201111223239,0,150,26,0.0,0.00019
20201111223239,75,150,11,20.0980147059,0.00017
20201111223240,0,150,1,0.784317647059,0.00017
20201111223240,0,150,2,3.1713,0.0009
20201111223240,0,150,3,0.852272727273,0.00022
20201111223240,0,150,4,4.92785454545,0.00011
20201111223240,0,150,5,0.925922222222,9e-05
20201111223240,0,150,6,0.925928571429,0.00021
20201111223240,0,150,7,0.0,7e-05
20201111223240,0,150,8,1.11112,0.0001
20201111223240,0,150,9,0.0,7e-05
20201111223240,0,150,10,0.0,0.00017
20201111223240,0,150,12,0.0,0.00012
20201111223240,0,150,13,0.0,0.0001
20201111223240,0,150,14,0.0,4e-05
20201111223240,0,150,16,1.31578947368,0.00019
20201111223240,0,150,17,4.58731,0.0001
20201111223240,0,150,18,0.52083125,0.00016
20201111223240,0,150,19,0.784317647059,0.00017
20201111223240,0,150,20,11.7361166667,6e-05
20201111223240,0,150,21,2.82912941176,0.00017
20201111223240,0,150,22,0.0,0.00015
20201111223240,0,150,23,0.555553333333,0.00015
20201111223240,0,150,24,0.0,0.00015
20201111223240,0,150,25,0.793657142857,0.00014
20201111223240,0,150,26,0.9375,0.0002
20201111223240,75,150,11,26.6603947368,0.00019
20201111223241,0,150,1,2.208335,0.0002
20201111223241,0,150,2,2.32456315789,0.00095
20201111223241,0,150,3,0.0,0.00021
20201111223241,0,150,4,4.59848,0.0001
20201111223241,0,150,5,1.5625,8e-05
20201111223241,0,150,6,2.10915909091,0.00022
20201111223241,0,150,7,3.07238888889,9e-05
20201111223241,0,150,8,0.0,9e-05
20201111223241,0,150,9,0.0,7e-05
20201111223241,0,150,10,1.14035263158,0.00019
20201111223241,0,150,12,0.0,0.00014
20201111223241,0,150,13,0.0,0.0001
20201111223241,0,150,14,0.0,5e-05
20201111223241,0,150,16,0.0,0.00018
20201111223241,0,150,17,3.34848,0.0001
20201111223241,0,150,18,1.171875,0.00016
20201111223241,0,150,19,1.25,0.00018
20201111223241,0,150,20,6.36905714286,7e-05
20201111223241,0,150,21,0.0,0.00015
20201111223241,0,150,22,1.20370555556,0.00019
20201111223241,0,150,23,0.892857142857,0.00014
20201111223241,0,150,24,1.72821875,0.00016
20201111223241,0,150,25,0.0,0.00014
20201111223241,0,150,26,0.0,0.00019
20201111223241,75,150,11,19.3339583333,0.00018
20201111223242,0,150,1,0.0,0.00039
20201111223242,0,150,2,0.0,0.00313
20201111223242,0,150,3,0.0,0.00021
20201111223242,0,150,4,4.90800833333,0.00031
20201111223242,0,150,5,1.76871428571,8e-05
20201111223242,0,150,6,3.041556,0.00044
20201111223242,0,150,7,3.57142222222,9e-05
20201111223242,0,150,8,2.33766363636,0.00012
20201111223242,0,150,9,0.0,7e-05
20201111223242,0,150,10,0.0,0.00018
20201111223242,0,150,12,0.0,0.00013
20201111223242,0,150,13,0.0,0.0001
20201111223242,0,150,14,0.0,6e-05
20201111223242,0,150,16,0.0,0.00096
20201111223242,0,150,17,3.57808461538,0.00031
20201111223242,0,150,18,1.06951764706,0.00035
20201111223242,0,150,19,0.0,0.00038
20201111223242,0,150,20,3.42856,5e-05
20201111223242,0,150,21,0.0,0.00033
20201111223242,0,150,22,0.0,0.00017
20201111223242,0,150,23,0.952384615385,0.00014
20201111223242,0,150,24,1.89075294118,0.00018
20201111223242,0,150,25,1.60714375,0.00018
20201111223242,0,150,26,0.0,0.00019
20201111223242,75,150,11,27.1567619048,0.00058
20201111223243,0,150,1,2.63,0.00317
20201111223243,0,150,2,4.62363461538,0.01098
20201111223243,0,150,3,1.106775,0.00414
20201111223243,0,150,4,9.286585,0.00157
20201111223243,0,150,5,5.56491333333,0.00156
20201111223243,0,150,6,5.24968648649,0.00401
20201111223243,0,150,7,2.98764444444,0.00143
20201111223243,0,150,8,4.17065909091,0.00214
20201111223243,0,150,9,0.0,0.00134
20201111223243,0,150,10,0.568181818182,0.00336
20201111223243,0,150,12,0.0,0.00252
20201111223243,0,150,13,0.0,0.00192
20201111223243,0,150,14,0.0,0.00096
20201111223243,0,150,16,1.00251052632,0.00278
20201111223243,0,150,17,6.8172,0.00155
20201111223243,0,150,18,3.779755,0.00274
20201111223243,0,150,19,2.53571428571,0.00313
20201111223243,0,150,20,12.676775,0.00114
20201111223243,0,150,21,3.90037894737,0.00275
20201111223243,0,150,22,0.694444444444,0.00312
20201111223243,0,150,23,3.97493809524,0.0027
20201111223243,0,150,24,1.28041904762,0.00301
20201111223243,0,150,25,3.27694642857,0.0031
20201111223243,0,150,26,1.106775,0.00378
20201111223243,75,150,11,55.9053417659,0.00312
20201111223244,0,150,1,12.4921,0.00023
20201111223244,0,150,2,12.4921,0.00095
20201111223244,0,150,4,15.3170714286,0.00033
20201111223244,0,150,5,7.1429,8e-05
20201111223244,0,150,6,10.0529666667,0.00018
20201111223244,0,150,7,10.0529666667,0.00018
20201111223244,0,150,10,13.545,0.00014
20201111223244,0,150,17,16.6794333333,0.00025
20201111223244,0,150,19,9.3334,9e-05
20201111223244,0,150,20,16.976925,0.00015
20201111223244,0,150,21,20.22725,3e-05
20201111223244,0,150,22,13.545,0.00014
20201111223244,0,150,23,7.1429,8e-05
20201111223244,0,150,24,10.0529666667,0.00018
20201111223244,75,150,11,100.0,0.00021
20201111223245,0,150,2,15.1517,0.00028
20201111223245,0,150,16,15.1517,7e-05
20201111223245,0,150,20,15.1517,7e-05
20201111223258,0,150,1,0.0,0.00016
20201111223258,0,150,2,0.0,0.00069
20201111223258,0,150,3,0.0,0.00012
20201111223258,0,150,4,0.0,0.00014
20201111223258,0,150,5,0.0,8e-05
20201111223258,0,150,6,0.0,0.00023
20201111223258,0,150,7,0.0,8e-05
20201111223258,0,150,8,0.0,5e-05
20201111223258,0,150,9,0.0,7e-05
20201111223258,0,150,10,0.0,0.00018
20201111223258,0,150,12,0.0,0.00013
20201111223258,0,150,13,0.0,9e-05
20201111223258,0,150,14,0.0,1e-05
20201111223258,0,150,16,0.0,0.0002
20201111223258,0,150,17,0.0,0.00014
20201111223258,0,150,18,0.0,0.00022
20201111223258,0,150,19,0.0,0.00023
20201111223258,0,150,20,0.0,7e-05
20201111223258,0,150,21,0.0,0.00019
20201111223258,0,150,22,0.0,0.00017
20201111223258,0,150,23,0.0,0.00013
20201111223258,0,150,24,0.0,0.00016
20201111223258,0,150,25,0.0,6e-05
20201111223258,0,150,26,0.0,9e-05
20201111223258,75,150,11,0.0,0.00017
20201111223259,0,150,1,0.555555555556,0.00022
20201111223259,0,150,2,1.18421052632,0.00115
20201111223259,0,150,3,0.595238095238,0.0003
20201111223259,0,150,4,2.5,8e-05
20201111223259,0,150,5,1.42857142857,7e-05
20201111223259,0,150,6,1.81818181818,0.00027
20201111223259,0,150,7,2.22222222222,9e-05
20201111223259,0,150,8,2.0,0.00014
20201111223259,0,150,9,0.0,7e-05
20201111223259,0,150,10,0.0,0.00019
20201111223259,0,150,12,0.0,0.00017
20201111223259,0,150,13,0.0,0.0001
20201111223259,0,150,14,0.0,9e-05
20201111223259,0,150,16,0.0,0.0002
20201111223259,0,150,17,1.11111111111,9e-05
20201111223259,0,150,18,0.0,0.00014
20201111223259,0,150,19,0.526315789474,0.0002
20201111223259,0,150,20,5.83333333333,9e-05
20201111223259,0,150,21,0.666666666667,0.00017
20201111223259,0,150,22,0.0,0.00018
20201111223259,0,150,23,0.833333333333,0.00013
20201111223259,0,150,24,1.17647058824,0.00021
20201111223259,0,150,25,1.33333333333,0.00023
20201111223259,0,150,26,0.625,0.0003
20201111223259,75,150,11,20.8333333333,0.00023
20201111223300,0,150,1,0.0,0.00017
20201111223300,0,150,2,0.0,0.00075
20201111223300,0,150,3,0.0,0.00022
20201111223300,0,150,4,4.0278,8e-05
20201111223300,0,150,5,1.58731428571,7e-05
20201111223300,0,150,6,1.5344,0.00021
20201111223300,0,150,7,1.3889,8e-05
20201111223300,0,150,8,0.0,0.0001
20201111223300,0,150,9,0.0,7e-05
20201111223300,0,150,10,0.0,0.00018
20201111223300,0,150,12,0.0,0.00013
20201111223300,0,150,13,0.0,0.00011
20201111223300,0,150,14,0.0,4e-05
20201111223300,0,150,16,0.0,0.00018
20201111223300,0,150,17,2.34568888889,9e-05
20201111223300,0,150,18,1.31945,0.00017
20201111223300,0,150,19,0.0,0.00016
20201111223300,0,150,20,0.0,3e-05
20201111223300,0,150,21,0.0,0.00014
20201111223300,0,150,22,0.0,0.00017
20201111223300,0,150,23,0.854707692308,0.00014
20201111223300,0,150,24,0.740746666667,0.00015
20201111223300,0,150,25,0.0,0.00014
20201111223300,0,150,26,0.0,0.00019
20201111223300,75,150,11,15.10421875,0.00016
20201111223301,0,150,1,0.735294117647,0.00017
20201111223301,0,150,2,0.735294117647,0.00085
20201111223301,0,150,3,0.0,0.00022
20201111223301,0,150,4,7.16075,0.0001
20201111223301,0,150,5,4.03912857143,7e-05
20201111223301,0,150,6,2.09957727273,0.00022
20201111223301,0,150,7,2.16932222222,9e-05
20201111223301,0,150,8,0.0,9e-05
20201111223301,0,150,9,0.0,7e-05
20201111223301,0,150,10,0.0,0.00017
20201111223301,0,150,12,0.0,0.00013
20201111223301,0,150,13,0.0,9e-05
20201111223301,0,150,14,0.0,6e-05
20201111223301,0,150,16,0.0,0.00018
20201111223301,0,150,17,4.81484444444,9e-05
20201111223301,0,150,18,1.666675,0.00016
20201111223301,0,150,19,0.735294117647,0.00017
20201111223301,0,150,20,5.89285714286,7e-05
20201111223301,0,150,21,1.11112,0.00015
20201111223301,0,150,22,0.0,0.00016
20201111223301,0,150,23,2.01956428571,0.00014
20201111223301,0,150,24,1.14846470588,0.00018
20201111223301,0,150,25,0.0,0.00015
20201111223301,0,150,26,0.0,0.00019
20201111223301,75,150,11,26.1905863095,0.00018
20201111223302,0,150,1,0.941176470588,0.00017
20201111223302,0,150,2,2.41176470588,0.00085
20201111223302,0,150,3,0.0,0.00021
20201111223302,0,150,4,0.0,5e-05
20201111223302,0,150,5,0.0,7e-05
20201111223302,0,150,6,0.701757894737,0.00019
20201111223302,0,150,7,1.48148888889,9e-05
20201111223302,0,150,8,0.0,8e-05
20201111223302,0,150,9,0.0,7e-05
20201111223302,0,150,10,0.888888888889,0.00018
20201111223302,0,150,12,0.0,0.00013
20201111223302,0,150,13,0.0,0.00011
20201111223302,0,150,14,0.0,5e-05
20201111223302,0,150,16,1.31578947368,0.00019
20201111223302,0,150,17,0.0,8e-05
20201111223302,0,150,18,0.0,0.00014
20201111223302,0,150,19,0.0,0.00016
20201111223302,0,150,20,10.1250125,8e-05
20201111223302,0,150,21,1.90476428571,0.00014
20201111223302,0,150,22,0.941176470588,0.00017
20201111223302,0,150,23,0.0,0.00012
20201111223302,0,150,24,0.784317647059,0.00017
20201111223302,0,150,25,0.0,0.00013
20201111223302,0,150,26,0.0,0.0002
20201111223302,75,150,11,18.75003125,0.00016
20201111223303,0,150,1,0.0,0.00015
20201111223303,0,150,2,0.0,0.00075
20201111223303,0,150,3,0.0,0.0002
20201111223303,0,150,4,4.6875,8e-05
20201111223303,0,150,5,0.0,6e-05
20201111223303,0,150,6,1.25,0.00021
20201111223303,0,150,7,1.3889,8e-05
20201111223303,0,150,8,1.5432,0.0001
20201111223303,0,150,9,0.0,7e-05
20201111223303,0,150,10,0.0,0.00016
20201111223303,0,150,12,0.0,0.00013
20201111223303,0,150,13,0.0,9e-05
20201111223303,0,150,14,0.0,5e-05
20201111223303,0,150,16,0.0,0.00018
20201111223303,0,150,17,3.75,0.0001
20201111223303,0,150,18,0.0,0.00013
20201111223303,0,150,19,0.0,0.00016
20201111223303,0,150,20,5.55554,5e-05
20201111223303,0,150,21,2.36927647059,0.00018
20201111223303,0,150,22,0.0,0.00015
20201111223303,0,150,23,0.0,0.00011
20201111223303,0,150,24,0.69445,0.00016
20201111223303,0,150,25,0.992057142857,0.00015
20201111223303,0,150,26,0.0,0.00019
20201111223303,75,150,11,27.1990277778,0.00018
20201111223304,0,150,1,1.87831111111,0.00019
20201111223304,0,150,2,1.9888,0.00085
20201111223304,0,150,3,0.0,0.00022
20201111223304,0,150,4,6.62255555556,9e-05
20201111223304,0,150,5,3.87895,8e-05
20201111223304,0,150,6,2.65728181818,0.00022
20201111223304,0,150,7,1.7857125,8e-05
20201111223304,0,150,8,2.75324545455,0.00012
20201111223304,0,150,9,0.0,7e-05
20201111223304,0,150,10,0.952377777778,0.00019
20201111223304,0,150,12,0.0,0.00013
20201111223304,0,150,13,0.0,0.00011
20201111223304,0,150,14,0.0,4e-05
20201111223304,0,150,16,0.0,0.00018
20201111223304,0,150,17,3.1746,9e-05
20201111223304,0,150,18,0.92592,0.00016
20201111223304,0,150,19,0.9804,0.00017
20201111223304,0,150,20,7.11565714286,7e-05
20201111223304,0,150,21,1.071425,0.00016
20201111223304,0,150,22,1.0084,0.00018
20201111223304,0,150,23,2.21654285714,0.00015
20201111223304,0,150,24,0.95238,0.00015
20201111223304,0,150,25,2.01904666667,0.00016
20201111223304,0,150,26,0.0,0.00019
20201111223304,75,150,11,29.8432763158,0.00019
20201111223305,0,150,1,2.59375,0.0002
20201111223305,0,150,2,3.704865,0.001
20201111223305,0,150,3,0.0,0.00021
20201111223305,0,150,4,5.61978888889,9e-05
20201111223305,0,150,5,3.65402857143,7e-05
20201111223305,0,150,6,2.87999583333,0.00024
20201111223305,0,150,7,1.666675,8e-05
20201111223305,0,150,8,1.71485,0.00012
20201111223305,0,150,9,0.0,7e-05
20201111223305,0,150,10,0.740744444444,0.00018
20201111223305,0,150,12,0.0,0.00013
20201111223305,0,150,13,0.0,9e-05
20201111223305,0,150,14,0.0,6e-05
20201111223305,0,150,16,1.16959473684,0.00019
20201111223305,0,150,17,3.1249875,8e-05
20201111223305,0,150,18,2.20051875,0.00016
20201111223305,0,150,19,2.02850526316,0.00019
20201111223305,0,150,20,9.26391,0.0001
20201111223305,0,150,21,0.0,0.00014
20201111223305,0,150,22,0.784317647059,0.00017
20201111223305,0,150,23,1.82701428571,0.00014
20201111223305,0,150,24,0.8333375,0.00017
20201111223305,0,150,25,1.21048235294,0.00018
20201111223305,0,150,26,0.0,0.00018
20201111223305,75,150,11,27.2841804511,0.00019
20201111223306,0,150,1,0.952377777778,0.00018
20201111223306,0,150,2,2.59847222222,0.0009
20201111223306,0,150,3,0.0,0.00021
20201111223306,0,150,4,3.69841,0.0001
20201111223306,0,150,5,2.20458888889,0.0001
20201111223306,0,150,6,0.992065,0.0002
20201111223306,0,150,7,0.0,7e-05
20201111223306,0,150,8,1.98413,0.0001
20201111223306,0,150,9,0.0,7e-05
20201111223306,0,150,10,0.0,0.00017
20201111223306,0,150,12,0.0,0.00013
20201111223306,0,150,13,0.0,0.00011
20201111223306,0,150,14,0.0,5e-05
20201111223306,0,150,16,1.55945789474,0.00019
20201111223306,0,150,17,1.90475555556,0.0001
20201111223306,0,150,18,0.0,0.00015
20201111223306,0,150,19,0.952377777778,0.00018
20201111223306,0,150,20,10.3704,5e-05
20201111223306,0,150,21,1.58730714286,0.00014
20201111223306,0,150,22,0.0,0.00016
20201111223306,0,150,23,1.32275333333,0.00015
20201111223306,0,150,24,0.0,0.00015
20201111223306,0,150,25,1.32275333333,0.00015
20201111223306,0,150,26,0.0,0.0002
20201111223306,75,150,11,18.5574789916,0.00017
20201111223307,0,150,1,0.8333375,0.00016
20201111223307,0,150,2,2.04481764706,0.00085
20201111223307,0,150,3,1.0204047619,0.00021
20201111223307,0,150,4,1.58731428571,7e-05
20201111223307,0,150,5,1.3889,8e-05
20201111223307,0,150,6,1.0052952381,0.00022
20201111223307,0,150,7,1.25,8e-05
20201111223307,0,150,8,0.0,0.0001
20201111223307,0,150,9,0.0,7e-05
20201111223307,0,150,10,0.784317647059,0.00017
20201111223307,0,150,12,0.0,0.00013
20201111223307,0,150,13,0.0,9e-05
20201111223307,0,150,14,0.0,5e-05
20201111223307,0,150,16,0.0,0.00018
20201111223307,0,150,17,0.0,7e-05
20201111223307,0,150,18,0.793657142857,0.00014
20201111223307,0,150,19,0.0,0.00016
20201111223307,0,150,20,7.46031666667,6e-05
20201111223307,0,150,21,0.0,0.00015
20201111223307,0,150,22,0.8333375,0.00016
20201111223307,0,150,23,0.854707692308,0.00013
20201111223307,0,150,24,0.625,0.00016
20201111223307,0,150,25,0.0,0.00015
20201111223307,0,150,26,1.071425,0.0002
20201111223307,75,150,11,9.895859375,0.00016
20201111223308,0,150,1,0.891264705882,0.00018
20201111223308,0,150,2,0.94696875,0.0008
20201111223308,0,150,3,0.0,0.00022
20201111223308,0,150,4,6.64382222222,9e-05
20201111223308,0,150,5,2.7678625,8e-05
20201111223308,0,150,6,1.1337952381,0.00021
20201111223308,0,150,7,0.0,8e-05
20201111223308,0,150,8,0.71429,0.00011
20201111223308,0,150,9,0.0,7e-05
20201111223308,0,150,10,0.84175,0.00019
20201111223308,0,150,12,0.0,0.00013
20201111223308,0,150,13,0.0,0.00011
20201111223308,0,150,14,0.0,4e-05
20201111223308,0,150,16,0.0,0.00018
20201111223308,0,150,17,4.1835,9e-05
20201111223308,0,150,18,1.11112,0.00016
20201111223308,0,150,19,0.0,0.00016
20201111223308,0,150,20,3.33336,5e-05
20201111223308,0,150,21,2.34375,0.00016
20201111223308,0,150,22,0.891264705882,0.00018
20201111223308,0,150,23,1.58163571429,0.00015
20201111223308,0,150,24,0.0,0.00015
20201111223308,0,150,25,0.510207142857,0.00015
20201111223308,0,150,26,0.0,0.00019
20201111223308,75,150,11,25.5456696429,0.00018
20201111223309,0,150,1,1.78241111111,0.00018
20201111223309,0,150,2,3.00438947368,0.00095
20201111223309,0,150,3,0.0,0.00022
20201111223309,0,150,4,5.659725,8e-05
20201111223309,0,150,5,1.85186666667,6e-05
20201111223309,0,150,6,2.36027142857,0.00022
20201111223309,0,150,7,0.0,7e-05
20201111223309,0,150,8,1.8,0.0001
20201111223309,0,150,9,0.0,7e-05
20201111223309,0,150,10,0.0,0.00017
20201111223309,0,150,12,0.0,0.00013
20201111223309,0,150,13,0.0,9e-05
20201111223309,0,150,14,0.0,6e-05
20201111223309,0,150,16,1.31578947368,0.00019
20201111223309,0,150,17,4.270825,8e-05
20201111223309,0,150,18,1.97285625,0.00017
20201111223309,0,150,19,1.78241111111,0.00018
20201111223309,0,150,20,11.6029777778,0.0001
20201111223309,0,150,21,2.69096875,0.00016
20201111223309,0,150,22,0.0,0.00016
20201111223309,0,150,23,0.854707692308,0.00013
20201111223309,0,150,24,0.0,0.00016
20201111223309,0,150,25,1.2,0.00016
20201111223309,0,150,26,0.0,0.00019
20201111223309,75,150,11,38.5921875,0.00019
20201111223310,0,150,1,1.29629444444,0.00018
20201111223310,0,150,2,1.99073888889,0.0009
20201111223310,0,150,3,0.568181818182,0.00022
20201111223310,0,150,4,5.1666625,8e-05
20201111223310,0,150,5,0.0,7e-05
20201111223310,0,150,6,1.0,0.00018
20201111223310,0,150,7,0.0,7e-05
20201111223310,0,150,8,0.0,8e-05
20201111223310,0,150,9,0.0,7e-05
20201111223310,0,150,10,0.462961111111,0.00018
20201111223310,0,150,12,0.0,0.00013
20201111223310,0,150,13,0.0,0.00011
20201111223310,0,150,14,0.0,5e-05
20201111223310,0,150,16,0.0,0.00018
20201111223310,0,150,17,4.13333,0.00011
20201111223310,0,150,18,1.2,0.00015
20201111223310,0,150,19,0.882352941176,0.00017
20201111223310,0,150,20,3.125,4e-05
20201111223310,0,150,21,0.0,0.00013
20201111223310,0,150,22,0.490194117647,0.00017
20201111223310,0,150,23,0.0,0.00012
20201111223310,0,150,24,0.0,0.00015
20201111223310,0,150,25,0.0,0.00013
20201111223310,0,150,26,0.625,0.00021
20201111223310,75,150,11,9.64285714286,0.00014
20201111223311,0,150,1,0.9672625,0.00016
20201111223311,0,150,2,0.9672625,0.0008
20201111223311,0,150,3,0.0,0.0002
20201111223311,0,150,4,9.36263846154,0.00013
20201111223311,0,150,5,1.19047142857,7e-05
20201111223311,0,150,6,3.1832,0.00025
20201111223311,0,150,7,3.56261111111,9e-05
20201111223311,0,150,8,0.0,9e-05
20201111223311,0,150,9,0.0,7e-05
20201111223311,0,150,10,0.910364705882,0.00017
20201111223311,0,150,12,0.0,0.00013
20201111223311,0,150,13,0.0,9e-05
20201111223311,0,150,14,0.0,5e-05
20201111223311,0,150,16,0.0,0.00018
20201111223311,0,150,17,8.09864285714,0.00014
20201111223311,0,150,18,2.60784117647,0.00017
20201111223311,0,150,19,0.0,0.00016
20201111223311,0,150,20,10.8994666667,6e-05
20201111223311,0,150,21,2.08334375,0.00017
20201111223311,0,150,22,0.9672625,0.00016
20201111223311,0,150,23,0.694441666667,0.00012
20201111223311,0,150,24,1.88608823529,0.00017
20201111223311,0,150,25,0.0,0.00014
20201111223311,0,150,26,0.0,0.00019
20201111223311,75,150,11,39.1893630952,0.00021
20201111223312,0,150,1,1.2605,0.00018
20201111223312,0,150,2,2.56769411765,0.00085
20201111223312,0,150,3,0.0,0.00022
20201111223312,0,150,4,2.92857,0.0001
20201111223312,0,150,5,2.14285714286,7e-05
20201111223312,0,150,6,1.27329130435,0.00023
20201111223312,0,150,7,1.66666666667,9e-05
20201111223312,0,150,8,1.42857,0.00011
20201111223312,0,150,9,0.0,7e-05
20201111223312,0,150,10,0.0,0.00018
20201111223312,0,150,12,0.0,0.00013
20201111223312,0,150,13,0.0,0.00011
20201111223312,0,150,14,0.0,4e-05
20201111223312,0,150,16,1.16959473684,0.00019
20201111223312,0,150,17,1.2987,0.00011
20201111223312,0,150,18,0.0,0.00017
20201111223312,0,150,19,1.2605,0.00017
20201111223312,0,150,20,8.37868571429,7e-05
20201111223312,0,150,21,0.9375,0.00016
20201111223312,0,150,22,0.0,0.00017
20201111223312,0,150,23,1.15384615385,0.00014
20201111223312,0,150,24,0.9375,0.00016
20201111223312,0,150,25,1.02040714286,0.00015
20201111223312,0,150,26,0.0,0.00019
20201111223312,75,150,11,16.607125,0.0002
20201111223313,0,150,1,2.74061153846,0.00309
20201111223313,0,150,2,4.10238571429,0.01302
20201111223313,0,150,3,0.782824242424,0.00418
20201111223313,0,150,4,11.22248,0.00169
20201111223313,0,150,5,8.87104,0.00139
20201111223313,0,150,6,5.4341,0.00403
20201111223313,0,150,7,1.6927125,0.00137
20201111223313,0,150,8,5.21825,0.00195
20201111223313,0,150,9,0.0,0.00133
20201111223313,0,150,10,1.9134375,0.0034
20201111223313,0,150,12,0.0,0.00255
20201111223313,0,150,13,0.0,0.00192
20201111223313,0,150,14,0.0,0.001
20201111223313,0,150,16,0.846557142857,0.00335
20201111223313,0,150,17,8.19424444444,0.00182
20201111223313,0,150,18,3.95976190476,0.00299
20201111223313,0,150,19,1.33333684211,0.003
20201111223313,0,150,20,13.9235857143,0.00098
20201111223313,0,150,21,3.68316315789,0.00291
20201111223313,0,150,22,1.99663043478,0.00321
20201111223313,0,150,23,5.78546086957,0.00255
20201111223313,0,150,24,0.677085,0.00298
20201111223313,0,150,25,3.59879310345,0.00295
20201111223313,0,150,26,0.833329032258,0.0038
20201111223313,75,150,11,54.9408817568,0.00327
20201111223314,0,150,1,11.730775,0.00037
20201111223314,0,150,2,15.6410333333,0.00061
20201111223314,0,150,4,12.67348,0.00021
20201111223314,0,150,5,11.2018,0.00011
20201111223314,0,150,6,12.7663333333,0.00027
20201111223314,0,150,7,11.960825,0.00017
20201111223314,0,150,8,9.5239,6e-05
20201111223314,0,150,10,15.3846,4e-05
20201111223314,0,150,16,0.0,0.00021
20201111223314,0,150,17,14.881,0.0001
20201111223314,0,150,18,19.2308,4e-05
20201111223314,0,150,19,10.5128333333,0.00033
20201111223314,0,150,20,16.3748666667,0.00034
20201111223314,0,150,21,19.04775,0.00012
20201111223314,0,150,22,15.3846,4e-05
20201111223314,0,150,23,11.2018,0.00011
20201111223314,0,150,24,11.960825,0.00017
20201111223314,0,150,25,9.5239,6e-05
20201111223314,75,150,11,100.0,0.00039
20201111223315,0,150,1,13.8462,5e-05
20201111223315,0,150,2,13.8462,0.00019
20201111223315,0,150,4,11.685,0.00012
20201111223315,0,150,5,9.5238,7e-05
20201111223315,0,150,6,12.2619,0.00011
20201111223315,0,150,8,15.0,4e-05
20201111223315,0,150,17,13.8462,5e-05
20201111223315,0,150,18,9.5238,7e-05
20201111223315,0,150,19,13.8462,5e-05
20201111223315,0,150,20,15.0,4e-05
20201111223315,0,150,23,9.5238,7e-05
20201111223315,0,150,25,15.0,4e-05
20201111223315,75,150,11,91.964375,0.00011
20201111223328,0,150,1,0.0,2e-05
20201111223328,0,150,2,0.0,0.0001
20201111223328,0,150,4,0.0,1e-05
20201111223328,0,150,6,0.0,1e-05
20201111223328,0,150,16,0.0,4e-05
20201111223328,0,150,17,0.0,1e-05
20201111223328,0,150,18,0.0,1e-05
20201111223328,0,150,19,0.0,2e-05
20201111223328,75,150,11,0.0,1e-05
20201111223329,0,150,1,0.0,0.00027
20201111223329,0,150,2,0.0,0.00109
20201111223329,0,150,3,0.0,0.00032
20201111223329,0,150,4,0.0,0.0001
20201111223329,0,150,5,0.0,0.0001
20201111223329,0,150,6,0.0,0.00034
20201111223329,0,150,7,0.0,8e-05
20201111223329,0,150,8,0.0,0.00017
20201111223329,0,150,9,0.0,8e-05
20201111223329,0,150,10,0.0,0.00028
20201111223329,0,150,12,0.0,0.00021
20201111223329,0,150,13,0.0,0.00014
20201111223329,0,150,14,0.0,7e-05
20201111223329,0,150,16,0.0,0.0002
20201111223329,0,150,17,0.0,0.0001
20201111223329,0,150,18,0.0,0.00023
20201111223329,0,150,19,0.0,0.00025
20201111223329,0,150,20,0.0,9e-05
20201111223329,0,150,21,0.0,0.00022
20201111223329,0,150,22,0.0,0.00025
20201111223329,0,150,23,0.0,0.00018
20201111223329,0,150,24,0.0,0.00024
20201111223329,0,150,25,0.0,0.00024
20201111223329,0,150,26,0.0,0.00032
20201111223329,75,150,11,0.0,0.00026
20201111223330,0,150,1,0.526315789474,0.00019
20201111223330,0,150,2,1.59090454545,0.00114
20201111223330,0,150,3,0.347216666667,0.00025
20201111223330,0,150,4,3.08333,0.0001
20201111223330,0,150,5,1.5625,8e-05
20201111223330,0,150,6,1.533332,0.00025
20201111223330,0,150,7,1.25,8e-05
20201111223330,0,150,8,1.527775,0.00012
20201111223330,0,150,9,0.0,7e-05
20201111223330,0,150,10,0.526315789474,0.00019
20201111223330,0,150,12,0.0,0.00013
20201111223330,0,150,13,0.0,0.0001
20201111223330,0,150,14,0.0,5e-05
20201111223330,0,150,16,0.724639130435,0.00023
20201111223330,0,150,17,1.83333,0.0001
20201111223330,0,150,18,0.588235294118,0.00017
20201111223330,0,150,19,0.0,0.00017
20201111223330,0,150,20,7.49998888889,0.0001
20201111223330,0,150,21,0.0,0.00015
20201111223330,0,150,22,0.555555555556,0.00018
20201111223330,0,150,23,0.892857142857,0.00014
20201111223330,0,150,24,0.625,0.00016
20201111223330,0,150,25,1.07842941176,0.00017
20201111223330,0,150,26,0.41666,0.00021
20201111223330,75,150,11,13.6904761905,0.00021
20201111223331,0,150,1,0.66667,0.0002
20201111223331,0,150,2,2.12963333333,0.0009
20201111223331,0,150,3,0.0,0.0002
20201111223331,0,150,4,3.15875,0.00011
20201111223331,0,150,5,0.8928625,9e-05
20201111223331,0,150,6,1.61863684211,0.0002
20201111223331,0,150,7,1.3889,8e-05
20201111223331,0,150,8,0.8928625,9e-05
20201111223331,0,150,9,0.0,6e-05
20201111223331,0,150,10,0.0,0.00019
20201111223331,0,150,12,0.0,0.00014
20201111223331,0,150,13,0.0,0.00011
20201111223331,0,150,14,0.0,5e-05
20201111223331,0,150,16,1.13636363636,0.00022
20201111223331,0,150,17,2.44446,0.0001
20201111223331,0,150,18,0.833333333333,0.00015
20201111223331,0,150,19,0.784317647059,0.00017
20201111223331,0,150,20,7.5,5e-05
20201111223331,0,150,21,0.0,0.00016
20201111223331,0,150,22,0.0,0.00017
20201111223331,0,150,23,0.510207142857,0.00016
20201111223331,0,150,24,0.6536,0.00017
20201111223331,0,150,25,0.549453846154,0.00014
20201111223331,0,150,26,0.0,0.00019
20201111223331,75,150,11,13.5679516807,0.00018
20201111223332,0,150,1,2.0052125,0.00016
20201111223332,0,150,2,2.0052125,0.0008
20201111223332,0,150,3,0.0,0.0002
20201111223332,0,150,4,5.58862222222,9e-05
20201111223332,0,150,5,4.6627,9e-05
20201111223332,0,150,6,1.43398181818,0.00023
20201111223332,0,150,7,1.3392875,8e-05
20201111223332,0,150,8,0.83333,0.00011
20201111223332,0,150,9,0.0,8e-05
20201111223332,0,150,10,0.8333375,0.00016
20201111223332,0,150,12,0.0,0.00012
20201111223332,0,150,13,0.0,9e-05
20201111223332,0,150,14,0.0,5e-05
20201111223332,0,150,16,0.0,0.00014
20201111223332,0,150,17,1.0416625,8e-05
20201111223332,0,150,18,0.78125,0.00016
20201111223332,0,150,19,1.10294117647,0.00018
20201111223332,0,150,20,7.26191428571,7e-05
20201111223332,0,150,21,0.0,0.00013
20201111223332,0,150,22,0.8333375,0.00016
20201111223332,0,150,23,2.99745,0.00014
20201111223332,0,150,24,0.714286666667,0.00015
20201111223332,0,150,25,0.555553333333,0.00016
20201111223332,0,150,26,0.0,0.00019
20201111223332,75,150,11,14.7879464286,0.00016
20201111223333,0,150,1,0.784317647059,0.00017
20201111223333,0,150,2,0.888893333333,0.00075
20201111223333,0,150,3,0.0,0.00021
20201111223333,0,150,4,4.44445714286,7e-05
20201111223333,0,150,5,1.3889,8e-05
20201111223333,0,150,6,2.36715652174,0.00023
20201111223333,0,150,7,1.66666666667,9e-05
20201111223333,0,150,8,2.57576363636,0.00011
20201111223333,0,150,9,0.0,7e-05
20201111223333,0,150,10,0.701757894737,0.00019
20201111223333,0,150,12,0.0,0.00013
20201111223333,0,150,13,0.0,0.0001
20201111223333,0,150,14,0.0,5e-05
20201111223333,0,150,16,0.0,0.00015
20201111223333,0,150,17,2.85714285714,7e-05
20201111223333,0,150,18,0.740746666667,0.00015
20201111223333,0,150,19,0.0,0.00015
20201111223333,0,150,20,6.29631111111,9e-05
20201111223333,0,150,21,1.33333333333,0.00015
20201111223333,0,150,22,0.740744444444,0.00018
20201111223333,0,150,23,0.793657142857,0.00014
20201111223333,0,150,24,0.882352941176,0.00017
20201111223333,0,150,25,1.7708375,0.00016
20201111223333,0,150,26,0.0,0.00019
20201111223333,75,150,11,29.3860131579,0.00019
20201111223334,0,150,1,0.0,0.00019
20201111223334,0,150,2,1.111115,0.001
20201111223334,0,150,3,0.0,0.00023
20201111223334,0,150,4,5.69441,0.0001
20201111223334,0,150,5,0.0,6e-05
20201111223334,0,150,6,2.37267083333,0.00024
20201111223334,0,150,7,1.7361,8e-05
20201111223334,0,150,8,1.85184166667,0.00012
20201111223334,0,150,9,0.0,7e-05
20201111223334,0,150,10,0.0,0.00019
20201111223334,0,150,12,0.0,0.00014
20201111223334,0,150,13,0.0,0.0001
20201111223334,0,150,14,0.0,5e-05
20201111223334,0,150,16,0.793653571429,0.00028
20201111223334,0,150,17,4.74534166667,0.00012
20201111223334,0,150,18,1.302075,0.00016
20201111223334,0,150,19,0.0,0.00017
20201111223334,0,150,20,11.8055333333,6e-05
20201111223334,0,150,21,2.85946470588,0.00017
20201111223334,0,150,22,0.0,0.00017
20201111223334,0,150,23,0.0,0.00012
20201111223334,0,150,24,0.816988235294,0.00017
20201111223334,0,150,25,1.30718235294,0.00017
20201111223334,0,150,26,0.0,0.00019
20201111223334,75,150,11,35.9847159091,0.00022
20201111223335,0,150,1,1.48147777778,0.00018
20201111223335,0,150,2,1.56862352941,0.00085
20201111223335,0,150,3,0.0,0.0002
20201111223335,0,150,4,5.88022727273,0.00011
20201111223335,0,150,5,2.8769875,8e-05
20201111223335,0,150,6,2.52243043478,0.00023
20201111223335,0,150,7,1.38888888889,9e-05
20201111223335,0,150,8,2.43385555556,9e-05
20201111223335,0,150,9,0.0,6e-05
20201111223335,0,150,10,0.555555555556,0.00018
20201111223335,0,150,12,0.0,0.00013
20201111223335,0,150,13,0.0,0.00011
20201111223335,0,150,14,0.0,5e-05
20201111223335,0,150,16,0.0,0.00017
20201111223335,0,150,17,3.78787272727,0.00011
20201111223335,0,150,18,1.38889411765,0.00017
20201111223335,0,150,19,1.0416625,0.00016
20201111223335,0,150,20,4.0625,8e-05
20201111223335,0,150,21,0.833333333333,0.00015
20201111223335,0,150,22,0.588235294118,0.00017
20201111223335,0,150,23,1.64399285714,0.00015
20201111223335,0,150,24,0.735294117647,0.00017
20201111223335,0,150,25,1.56462142857,0.00014
20201111223335,0,150,26,0.0,0.00019
20201111223335,75,150,11,26.4434553571,0.0002
20201111223336,0,150,1,1.302075,0.00016
20201111223336,0,150,2,1.302075,0.0008
20201111223336,0,150,3,0.0,0.0002
20201111223336,0,150,4,3.64627142857,7e-05
20201111223336,0,150,5,3.1904875,8e-05
20201111223336,0,150,6,1.24716666667,0.00022
20201111223336,0,150,7,2.91005555556,9e-05
20201111223336,0,150,8,0.0,0.0001
20201111223336,0,150,9,0.0,8e-05
20201111223336,0,150,10,0.0,0.00016
20201111223336,0,150,12,0.0,0.00012
20201111223336,0,150,13,0.0,9e-05
20201111223336,0,150,14,0.0,5e-05
20201111223336,0,150,16,0.0,0.00014
20201111223336,0,150,17,0.0,7e-05
20201111223336,0,150,18,0.0,0.00015
20201111223336,0,150,19,1.22548235294,0.00018
20201111223336,0,150,20,6.7708125,8e-05
20201111223336,0,150,21,2.17778,0.00015
20201111223336,0,150,22,0.0,0.00016
20201111223336,0,150,23,1.96337692308,0.00013
20201111223336,0,150,24,1.63690625,0.00016
20201111223336,0,150,25,0.0,0.00015
20201111223336,0,150,26,0.0,0.00019
20201111223336,75,150,11,25.9663781513,0.00017
20201111223337,0,150,1,1.47058823529,0.00017
20201111223337,0,150,2,1.66666666667,0.00075
20201111223337,0,150,3,0.0,0.00021
20201111223337,0,150,4,4.19753333333,9e-05
20201111223337,0,150,5,0.0,7e-05
20201111223337,0,150,6,1.79894285714,0.00021
20201111223337,0,150,7,1.85184444444,9e-05
20201111223337,0,150,8,1.9192,0.00011
20201111223337,0,150,9,0.0,7e-05
20201111223337,0,150,10,0.833333333333,0.00018
20201111223337,0,150,12,0.0,0.00013
20201111223337,0,150,13,0.0,0.0001
20201111223337,0,150,14,0.0,5e-05
20201111223337,0,150,16,0.0,0.00015
20201111223337,0,150,17,3.77778,0.0001
20201111223337,0,150,18,0.0,0.00013
20201111223337,0,150,19,0.625,0.00016
20201111223337,0,150,20,9.10495,6e-05
20201111223337,0,150,21,1.85185625,0.00016
20201111223337,0,150,22,0.882352941176,0.00017
20201111223337,0,150,23,0.0,0.00013
20201111223337,0,150,24,0.980388235294,0.00017
20201111223337,0,150,25,1.31945,0.00016
20201111223337,0,150,26,0.0,0.00019
20201111223337,75,150,11,28.0864583333,0.00018
20201111223338,0,150,1,1.25,0.00018
20201111223338,0,150,2,1.32352941176,0.00085
20201111223338,0,150,3,0.0,0.00021
20201111223338,0,150,4,3.6755875,8e-05
20201111223338,0,150,5,1.4880875,8e-05
20201111223338,0,150,6,2.63203181818,0.00022
20201111223338,0,150,7,0.0,7e-05
20201111223338,0,150,8,2.53679090909,0.00011
20201111223338,0,150,9,0.0,7e-05
20201111223338,0,150,10,0.555555555556,0.00018
20201111223338,0,150,12,0.0,0.00013
20201111223338,0,150,13,0.0,9e-05
20201111223338,0,150,14,0.0,5e-05
20201111223338,0,150,16,0.0,0.00018
20201111223338,0,150,17,2.1875,8e-05
20201111223338,0,150,18,1.875,0.00016
20201111223338,0,150,19,0.735294117647,0.00017
20201111223338,0,150,20,7.28571428571,7e-05
20201111223338,0,150,21,0.0,0.00015
20201111223338,0,150,22,0.588235294118,0.00017
20201111223338,0,150,23,0.915746153846,0.00013
20201111223338,0,150,24,0.0,0.00015
20201111223338,0,150,25,1.74404375,0.00016
20201111223338,0,150,26,0.0,0.00018
20201111223338,75,150,11,24.1269642857,0.00018
20201111223339,0,150,1,0.779726315789,0.00019
20201111223339,0,150,2,0.779726315789,0.00095
20201111223339,0,150,3,0.0,0.00021
20201111223339,0,150,4,6.27238461538,0.00013
20201111223339,0,150,5,2.4553625,8e-05
20201111223339,0,150,6,2.64136666667,0.00024
20201111223339,0,150,7,2.083325,8e-05
20201111223339,0,150,8,1.54762,0.0001
20201111223339,0,150,9,0.0,6e-05
20201111223339,0,150,10,0.779726315789,0.00019
20201111223339,0,150,12,0.0,0.00014
20201111223339,0,150,13,0.0,0.00012
20201111223339,0,150,14,0.0,5e-05
20201111223339,0,150,16,0.0,0.00025
20201111223339,0,150,17,4.76139230769,0.00013
20201111223339,0,150,18,1.73611111111,0.00018
20201111223339,0,150,19,0.0,0.00016
20201111223339,0,150,20,9.60648333333,6e-05
20201111223339,0,150,21,3.38735,0.00018
20201111223339,0,150,22,0.871458823529,0.00017
20201111223339,0,150,23,1.30952666667,0.00016
20201111223339,0,150,24,0.980388235294,0.00017
20201111223339,0,150,25,1.03174666667,0.00015
20201111223339,0,150,26,0.0,0.00019
20201111223339,75,150,11,38.8641011905,0.00024
20201111223340,0,150,1,2.03704444444,0.00019
20201111223340,0,150,2,2.03704444444,0.0009
20201111223340,0,150,3,0.0,0.00021
20201111223340,0,150,4,2.47474545455,0.00011
20201111223340,0,150,5,0.0,6e-05
20201111223340,0,150,6,1.19949090909,0.00023
20201111223340,0,150,7,0.0,8e-05
20201111223340,0,150,8,1.38888,0.00011
20201111223340,0,150,9,0.0,8e-05
20201111223340,0,150,10,1.2963,0.00019
20201111223340,0,150,12,0.0,0.00012
20201111223340,0,150,13,0.0,9e-05
20201111223340,0,150,14,0.0,5e-05
20201111223340,0,150,16,0.0,0.00014
20201111223340,0,150,17,2.09401538462,0.00013
20201111223340,0,150,18,0.78125,0.00016
20201111223340,0,150,19,0.784317647059,0.00018
20201111223340,0,150,20,7.2569625,8e-05
20201111223340,0,150,21,1.38889375,0.00016
20201111223340,0,150,22,1.2963,0.00019
20201111223340,0,150,23,0.0,0.00011
20201111223340,0,150,24,0.0,0.00015
20201111223340,0,150,25,0.92592,0.00016
20201111223340,0,150,26,0.0,0.0002
20201111223340,75,150,11,19.1886184211,0.00019
20201111223341,0,150,1,2.28758823529,0.00017
20201111223341,0,150,2,2.5926,0.00075
20201111223341,0,150,3,0.0,0.00021
20201111223341,0,150,4,9.59289166667,0.00012
20201111223341,0,150,5,6.00109090909,0.00011
20201111223341,0,150,6,2.707144,0.00025
20201111223341,0,150,7,1.26984444444,9e-05
20201111223341,0,150,8,1.36363636364,0.00011
20201111223341,0,150,9,0.0,7e-05
20201111223341,0,150,10,0.0,0.00017
20201111223341,0,150,12,0.0,0.00013
20201111223341,0,150,13,0.0,0.0001
20201111223341,0,150,14,0.0,5e-05
20201111223341,0,150,16,0.0,0.00015
20201111223341,0,150,17,5.45585555556,9e-05
20201111223341,0,150,18,2.42647058824,0.00017
20201111223341,0,150,19,2.28758823529,0.00017
20201111223341,0,150,20,10.1325,0.0001
20201111223341,0,150,21,2.84314705882,0.00017
20201111223341,0,150,22,0.0,0.00016
20201111223341,0,150,23,3.88305882353,0.00017
20201111223341,0,150,24,0.672270588235,0.00017
20201111223341,0,150,25,0.9375,0.00016
20201111223341,0,150,26,0.0,0.00019
20201111223341,75,150,11,37.8300341615,0.00023
20201111223342,0,150,1,1.49122631579,0.00019
20201111223342,0,150,2,3.64733478261,0.00119
20201111223342,0,150,3,0.0,0.00023
20201111223342,0,150,4,4.73986666667,0.0001
20201111223342,0,150,5,1.53061428571,8e-05
20201111223342,0,150,6,0.948934782609,0.00024
20201111223342,0,150,7,0.0,8e-05
20201111223342,0,150,8,1.81879166667,0.00013
20201111223342,0,150,9,0.0,7e-05
20201111223342,0,150,10,1.416665,0.0002
20201111223342,0,150,12,0.0,0.00013
20201111223342,0,150,13,0.0,0.0001
20201111223342,0,150,14,0.0,5e-05
20201111223342,0,150,16,2.222216,0.00026
20201111223342,0,150,17,3.19445,0.0001
20201111223342,0,150,18,0.0,0.00015
20201111223342,0,150,19,0.0,0.00016
20201111223342,0,150,20,10.2469,0.0001
20201111223342,0,150,21,1.71568823529,0.00017
20201111223342,0,150,22,1.49122631579,0.00019
20201111223342,0,150,23,0.824176923077,0.00014
20201111223342,0,150,24,0.0,0.00016
20201111223342,0,150,25,1.28385294118,0.00018
20201111223342,0,150,26,0.0,0.00019
20201111223342,75,150,11,18.2114710884,0.00022
20201111223343,0,150,1,1.97822702703,0.00338
20201111223343,0,150,2,2.84932424242,0.01295
20201111223343,0,150,3,0.0,0.00418
20201111223343,0,150,4,6.83552083333,0.00163
20201111223343,0,150,5,2.98748888889,0.00153
20201111223343,0,150,6,3.01344444444,0.00411
20201111223343,0,150,7,1.9880875,0.00146
20201111223343,0,150,8,2.49891363636,0.00204
20201111223343,0,150,9,0.0,0.00139
20201111223343,0,150,10,1.11110810811,0.00353
20201111223343,0,150,12,0.0,0.00264
20201111223343,0,150,13,0.0,0.002
20201111223343,0,150,14,0.0,0.001
20201111223343,0,150,16,0.651040625,0.00364
20201111223343,0,150,17,5.01262272727,0.0017
20201111223343,0,150,18,1.57482258065,0.00301
20201111223343,0,150,19,0.972224242424,0.00332
20201111223343,0,150,20,8.1218,0.00093
20201111223343,0,150,21,1.45161290323,0.00306
20201111223343,0,150,22,1.1746,0.00333
20201111223343,0,150,23,1.85430344828,0.00273
20201111223343,0,150,24,0.99404375,0.0031
20201111223343,0,150,25,1.718003125,0.00304
20201111223343,0,150,26,0.0,0.0038
20201111223343,75,150,11,34.7317481685,0.00332
20201111223344,0,150,1,13.9011,0.00013
20201111223344,0,150,2,18.04788,0.00099
20201111223344,0,150,3,21.69475,5e-05
20201111223344,0,150,4,12.6793,0.00041
20201111223344,0,150,5,13.493875,0.0001
20201111223344,0,150,6,9.82374,0.00059
20201111223344,0,150,7,9.38776666667,0.00026
20201111223344,0,150,8,9.80155,0.00014
20201111223344,0,150,10,8.5714,9e-05
20201111223344,0,150,16,19.0477,7e-05
20201111223344,0,150,17,12.13625,0.00031
20201111223344,0,150,18,11.15385,0.00019
20201111223344,0,150,19,19.2308,4e-05
20201111223344,0,150,20,17.2328363636,0.00061
20201111223344,0,150,21,19.1469,0.00012
20201111223344,0,150,22,8.5714,9e-05
20201111223344,0,150,23,13.493875,0.0001
20201111223344,0,150,24,9.38776666667,0.00026
20201111223344,0,150,25,9.80155,0.00014
20201111223344,0,150,26,21.69475,5e-05
20201111223344,75,150,11,85.3321651786,0.00071
20201111223345,0,150,1,10.0,8e-05
20201111223345,0,150,2,10.0,0.00033
20201111223345,0,150,10,10.0,8e-05
20201111223345,0,150,20,10.0,8e-05
20201111223345,0,150,22,10.0,8e-05
